strainID,CC_or_ST,CC_or_ST:color,Source,Source:color,tet_gene,tet_gene:color,Quinolone_gene,Quinolone_gene:color,macrolide_gene,macrolide_gene:color,aminoglycoside_gene,aminoglycoside_gene:color
30-CJ-C-73-1-1-42,ST-443 complex,#B80047,Chicken_stool,#0E8F8F,None,#CCCCCC,None,#CCCCCC,50S_L22_A103V,#125699,None,#CCCCCC
30-CJ-C-67-1-1-38,ST-443 complex,#B80047,Chicken_stool,#0E8F8F,None,#CCCCCC,None,#CCCCCC,50S_L22_A103V,#125699,None,#CCCCCC
HP12229,ST-443 complex,#B80047,Human,#FF0000,None,#CCCCCC,None,#CCCCCC,50S_L22_A103V,#125699,None,#CCCCCC
HP12192,ST-443 complex,#B80047,Human,#FF0000,None,#CCCCCC,None,#CCCCCC,50S_L22_A103V,#125699,None,#CCCCCC
30-CJ-C-20-1-1-10,ST-443 complex,#B80047,Chicken_stool,#0E8F8F,None,#CCCCCC,None,#CCCCCC,50S_L22_A103V,#125699,None,#CCCCCC
HP12207,ST-443 complex,#B80047,Human,#FF0000,None,#CCCCCC,None,#CCCCCC,50S_L22_A103V,#125699,None,#CCCCCC
HP12196,ST-443 complex,#B80047,Human,#FF0000,None,#CCCCCC,None,#CCCCCC,50S_L22_A103V,#125699,None,#CCCCCC
HP12534,ST-443 complex,#B80047,Human,#FF0000,None,#CCCCCC,None,#CCCCCC,50S_L22_A103V,#125699,None,#CCCCCC
R1-Cj-C-59,ST-443 complex,#B80047,Chicken_stool,#0E8F8F,None,#CCCCCC,None,#CCCCCC,50S_L22_A103V,#125699,None,#CCCCCC
R1-Cj-C-61,ST-443 complex,#B80047,Chicken_stool,#0E8F8F,None,#CCCCCC,None,#CCCCCC,50S_L22_A103V,#125699,None,#CCCCCC
HP12502,ST-443 complex,#B80047,Human,#FF0000,None,#CCCCCC,None,#CCCCCC,50S_L22_A103V,#125699,None,#CCCCCC
30-CJ-C-18-2-1-8,ST-443 complex,#B80047,Chicken_stool,#0E8F8F,None,#CCCCCC,None,#CCCCCC,50S_L22_A103V,#125699,None,#CCCCCC
30-CJ-C-57-1-1-32,ST-443 complex,#B80047,Chicken_stool,#0E8F8F,None,#CCCCCC,None,#CCCCCC,50S_L22_A103V,#125699,None,#CCCCCC
R1-Cj-C-57,ST-443 complex,#B80047,Chicken_stool,#0E8F8F,None,#CCCCCC,None,#CCCCCC,50S_L22_A103V,#125699,None,#CCCCCC
R2-Cj-C-70,ST-443 complex,#B80047,Chicken_stool,#0E8F8F,None,#CCCCCC,None,#CCCCCC,50S_L22_A103V,#125699,None,#CCCCCC
HP12598,,,Human,#FF0000,None,#CCCCCC,gyrA_T86I,#916523,50S_L22_A103V,#125699,None,#CCCCCC
SC1,,,Chicken_meat,#00FF00,None,#CCCCCC,None,#CCCCCC,50S_L22_A103V,#125699,None,#CCCCCC
30-CJ-C-53-1-1-26,ST-443 complex,#B80047,Chicken_stool,#0E8F8F,None,#CCCCCC,None,#CCCCCC,50S_L22_A103V,#125699,None,#CCCCCC
R1-Cj-C-42,Others,#7F7F7F,Chicken_stool,#0E8F8F,None,#CCCCCC,gyrA_T86I,#916523,None,#CCCCCC,None,#CCCCCC
R2-Cj-C-92,Others,#7F7F7F,Chicken_stool,#0E8F8F,None,#CCCCCC,None,#CCCCCC,None,#CCCCCC,None,#CCCCCC
HP12210,Others,#7F7F7F,Human,#FF0000,None,#CCCCCC,None,#CCCCCC,50S_L22_A103V,#125699,None,#CCCCCC
SC25,Others,#7F7F7F,Chicken_meat,#00FF00,None,#CCCCCC,None,#CCCCCC,50S_L22_A103V,#125699,None,#CCCCCC
30-CJ-C-58-2-1-34,Others,#7F7F7F,Chicken_stool,#0E8F8F,None,#CCCCCC,None,#CCCCCC,50S_L22_A103V,#125699,None,#CCCCCC
HP12168,Others,#7F7F7F,Human,#FF0000,None,#CCCCCC,None,#CCCCCC,50S_L22_A103V,#125699,None,#CCCCCC
SC24,Others,#7F7F7F,Chicken_meat,#00FF00,None,#CCCCCC,None,#CCCCCC,50S_L22_A103V,#125699,None,#CCCCCC
R2-Cj-C-68,Others,#7F7F7F,Chicken_stool,#0E8F8F,None,#CCCCCC,None,#CCCCCC,50S_L22_A103V,#125699,None,#CCCCCC
HP12631,Others,#7F7F7F,Human,#FF0000,None,#CCCCCC,None,#CCCCCC,50S_L22_A103V,#125699,None,#CCCCCC
HP12175,Others,#7F7F7F,Human,#FF0000,None,#CCCCCC,None,#CCCCCC,None,#CCCCCC,None,#CCCCCC
R2-Cj-C-88,Others,#7F7F7F,Chicken_stool,#0E8F8F,None,#CCCCCC,None,#CCCCCC,None,#CCCCCC,None,#CCCCCC
HP12150,Others,#7F7F7F,Human,#FF0000,None,#CCCCCC,gyrA_T86I,#916523,None,#CCCCCC,None,#CCCCCC
30-CJ-C-39-1-1-19,,,Chicken_stool,#0E8F8F,None,#CCCCCC,None,#CCCCCC,None,#CCCCCC,None,#CCCCCC
HP12547,Others,#7F7F7F,Human,#FF0000,tet(O)*,#67991C,None,#CCCCCC,None,#CCCCCC,None,#CCCCCC
HP12163,Others,#7F7F7F,Human,#FF0000,None,#CCCCCC,None,#CCCCCC,None,#CCCCCC,None,#CCCCCC
HP12161,Others,#7F7F7F,Human,#FF0000,None,#CCCCCC,None,#CCCCCC,None,#CCCCCC,None,#CCCCCC
HP12513,,,Human,#FF0000,tet(O),#67991C,None,#CCCCCC,None,#CCCCCC,None,#CCCCCC
HP12526,Others,#7F7F7F,Human,#FF0000,tet(O)*,#67991C,None,#CCCCCC,None,#CCCCCC,None,#CCCCCC
R2-Cj-C-32,Others,#7F7F7F,Chicken_stool,#0E8F8F,None,#CCCCCC,None,#CCCCCC,None,#CCCCCC,None,#CCCCCC
R1-Cj-C-18,Others,#7F7F7F,Chicken_stool,#0E8F8F,None,#CCCCCC,None,#CCCCCC,None,#CCCCCC,None,#CCCCCC
R2-Cj-C-17,Others,#7F7F7F,Chicken_stool,#0E8F8F,None,#CCCCCC,None,#CCCCCC,None,#CCCCCC,None,#CCCCCC
30-CJ-C-141-1-1-74,Others,#7F7F7F,Chicken_stool,#0E8F8F,None,#CCCCCC,None,#CCCCCC,None,#CCCCCC,None,#CCCCCC
HP12494,Others,#7F7F7F,Human,#FF0000,None,#CCCCCC,None,#CCCCCC,None,#CCCCCC,None,#CCCCCC
HP12649,Others,#7F7F7F,Human,#FF0000,None,#CCCCCC,None,#CCCCCC,None,#CCCCCC,None,#CCCCCC
SC23,,,Chicken_meat,#00FF00,None,#CCCCCC,None,#CCCCCC,None,#CCCCCC,rpsL_K43R,#0000ff
SC56,,,Chicken_meat,#00FF00,None,#CCCCCC,gyrA_T86I,#916523,None,#CCCCCC,None,#CCCCCC
SC37,,,Chicken_meat,#00FF00,None,#CCCCCC,gyrA_T86I,#916523,None,#CCCCCC,None,#CCCCCC
30-CJ-C-83-1-1-49,Others,#7F7F7F,Chicken_stool,#0E8F8F,None,#CCCCCC,None,#CCCCCC,None,#CCCCCC,None,#CCCCCC
R2-Cj-C-37,,,Chicken_stool,#0E8F8F,None,#CCCCCC,None,#CCCCCC,None,#CCCCCC,None,#CCCCCC
HP12241,Others,#7F7F7F,Human,#FF0000,None,#CCCCCC,None,#CCCCCC,None,#CCCCCC,None,#CCCCCC
HP12507,Others,#7F7F7F,Human,#FF0000,tet(O)*,#67991C,None,#CCCCCC,50S_L22_A103V,#125699,None,#CCCCCC
C-2-1-1-86,Others,#7F7F7F,Chicken_stool,#0E8F8F,tet(O)*,#67991C,None,#CCCCCC,50S_L22_A103V,#125699,None,#CCCCCC
HP12567,Others,#7F7F7F,Human,#FF0000,tet(O)*,#67991C,None,#CCCCCC,50S_L22_A103V,#125699,None,#CCCCCC
HP12174,Others,#7F7F7F,Human,#FF0000,tet(O)*,#67991C,None,#CCCCCC,50S_L22_A103V,#125699,None,#CCCCCC
HP12602,,,Human,#FF0000,None,#CCCCCC,gyrA_T86I,#916523,50S_L22_A103V,#125699,None,#CCCCCC
HP12604,,,Human,#FF0000,None,#CCCCCC,gyrA_T86I,#916523,50S_L22_A103V,#125699,None,#CCCCCC
SC7,,,Chicken_meat,#00FF00,tet(O/M/O),#ADFF2F,gyrA_T86I,#916523,50S_L22_A103V,#125699,None,#CCCCCC
30-CJ-C-70-2-1-41,,,Chicken_stool,#0E8F8F,tet(O),#67991C,None,#CCCCCC,50S_L22_A103V,#125699,None,#CCCCCC
HP12214,Others,#7F7F7F,Human,#FF0000,tet(O),#67991C,gyrA_T86I,#916523,50S_L22_A103V,#125699,None,#CCCCCC
HP12543,ST-464 complex,#E4007F,Human,#FF0000,None,#CCCCCC,gyrA_T86I,#916523,50S_L22_A103V,#125699,None,#CCCCCC
SC48,Others,#7F7F7F,Chicken_meat,#00FF00,None,#CCCCCC,None,#CCCCCC,50S_L22_A103V,#125699,None,#CCCCCC
30-CJ-C-121-2-1-65,Others,#7F7F7F,Chicken_stool,#0E8F8F,None,#CCCCCC,gyrA_T86I,#916523,50S_L22_A103V,#125699,None,#CCCCCC
HP12514,Others,#7F7F7F,Human,#FF0000,None,#CCCCCC,None,#CCCCCC,50S_L22_A103V,#125699,None,#CCCCCC
SC5,ST-52 complex,#F5B090,Chicken_meat,#00FF00,None,#CCCCCC,gyrA_T86I,#916523,50S_L22_A103V,#125699,None,#CCCCCC
SC31,ST-52 complex,#F5B090,Chicken_meat,#00FF00,None,#CCCCCC,None,#CCCCCC,50S_L22_A103V,#125699,None,#CCCCCC
SC21,ST-52 complex,#F5B090,Chicken_meat,#00FF00,None,#CCCCCC,gyrA_T86I,#916523,50S_L22_A103V,#125699,None,#CCCCCC
HP12195,ST-464 complex,#E4007F,Human,#FF0000,tet(O)^,#67991C,None,#CCCCCC,None,#CCCCCC,"aadE,aph(3')-IIIa",#FF0080
HP12541,ST-464 complex,#E4007F,Human,#FF0000,None,#CCCCCC,None,#CCCCCC,None,#CCCCCC,None,#CCCCCC
R2-Cj-C-27,ST-464 complex,#E4007F,Chicken_stool,#0E8F8F,None,#CCCCCC,None,#CCCCCC,50S_L22_A103V,#125699,None,#CCCCCC
HP12193,ST-464 complex,#E4007F,Human,#FF0000,None,#CCCCCC,None,#CCCCCC,50S_L22_A103V,#125699,None,#CCCCCC
R2-Cj-C-78,ST-464 complex,#E4007F,Chicken_stool,#0E8F8F,None,#CCCCCC,None,#CCCCCC,50S_L22_A103V,#125699,None,#CCCCCC
HP12194,ST-464 complex,#E4007F,Human,#FF0000,None,#CCCCCC,None,#CCCCCC,50S_L22_A103V,#125699,None,#CCCCCC
30-CJ-C-79-1-1-47,ST-464 complex,#E4007F,Chicken_stool,#0E8F8F,None,#CCCCCC,None,#CCCCCC,50S_L22_A103V,#125699,None,#CCCCCC
R2-Cj-C-86,ST-464 complex,#E4007F,Chicken_stool,#0E8F8F,None,#CCCCCC,None,#CCCCCC,50S_L22_A103V,#125699,None,#CCCCCC
C-5-1-1-100,Others,#7F7F7F,Chicken_stool,#0E8F8F,None,#CCCCCC,None,#CCCCCC,None,#CCCCCC,None,#CCCCCC
C-1-2-1-94,Others,#7F7F7F,Chicken_stool,#0E8F8F,None,#CCCCCC,None,#CCCCCC,None,#CCCCCC,None,#CCCCCC
C-2-1-1-95,Others,#7F7F7F,Chicken_stool,#0E8F8F,None,#CCCCCC,None,#CCCCCC,None,#CCCCCC,None,#CCCCCC
HP12208,Others,#7F7F7F,Human,#FF0000,None,#CCCCCC,None,#CCCCCC,50S_L22_A103V,#125699,None,#CCCCCC
HP12144,Others,#7F7F7F,Human,#FF0000,tet(O)*,#67991C,gyrA_T86I,#916523,50S_L22_A103V,#125699,None,#CCCCCC
SC6,Others,#7F7F7F,Chicken_meat,#00FF00,tet(O)*,#67991C,None,#CCCCCC,50S_L22_A103V,#125699,None,#CCCCCC
HP12191,,,Human,#FF0000,None,#CCCCCC,None,#CCCCCC,50S_L22_A103V,#125699,None,#CCCCCC
HP12189,,,Human,#FF0000,None,#CCCCCC,None,#CCCCCC,50S_L22_A103V,#125699,None,#CCCCCC
30-CJ-C-44-1-1-24,Others,#7F7F7F,Chicken_stool,#0E8F8F,None,#CCCCCC,gyrA_T86I,#916523,50S_L22_A103V,#125699,None,#CCCCCC
30-CJ-C-42-2-1-23,Others,#7F7F7F,Chicken_stool,#0E8F8F,None,#CCCCCC,gyrA_T86I,#916523,50S_L22_A103V,#125699,None,#CCCCCC
HP12638,Others,#7F7F7F,Human,#FF0000,None,#CCCCCC,gyrA_T86I,#916523,None,#CCCCCC,None,#CCCCCC
HP12244,Others,#7F7F7F,Human,#FF0000,tet(O),#67991C,gyrA_T86I,#916523,23S_A2075G,#78BCFF,"aadE,ant(6)-Ia^,aph(3')-IIIa",#FF0080
HP12152,Others,#7F7F7F,Human,#FF0000,tet(O),#67991C,gyrA_T86I,#916523,23S_A2075G,#78BCFF,"aadE,ant(6)-Ia^,aph(3')-IIIa,aad9*",#FF0080
HP12497,ST-52 complex,#F5B090,Human,#FF0000,None,#CCCCCC,gyrA_T86I,#916523,50S_L22_A103V,#125699,None,#CCCCCC
HP12213,Others,#7F7F7F,Human,#FF0000,tet(O)*,#67991C,gyrA_T86I,#916523,None,#CCCCCC,None,#CCCCCC
SC27,Others,#7F7F7F,Chicken_meat,#00FF00,None,#CCCCCC,gyrA_T86I,#916523,None,#CCCCCC,None,#CCCCCC
HP12164,Others,#7F7F7F,Human,#FF0000,None,#CCCCCC,None,#CCCCCC,None,#CCCCCC,None,#CCCCCC
R2-Cj-C-65,Others,#7F7F7F,Chicken_stool,#0E8F8F,None,#CCCCCC,gyrA_T86I,#916523,None,#CCCCCC,None,#CCCCCC
R1-Cj-C-46,Others,#7F7F7F,Chicken_stool,#0E8F8F,None,#CCCCCC,gyrA_T86I,#916523,None,#CCCCCC,None,#CCCCCC
R2-Cj-C-23,Others,#7F7F7F,Chicken_stool,#0E8F8F,None,#CCCCCC,gyrA_T86I,#916523,50S_L22_A103V,#125699,None,#CCCCCC
SC39,Others,#7F7F7F,Chicken_meat,#00FF00,None,#CCCCCC,None,#CCCCCC,None,#CCCCCC,None,#CCCCCC
SC33,Others,#7F7F7F,Chicken_meat,#00FF00,None,#CCCCCC,gyrA_T86I,#916523,None,#CCCCCC,None,#CCCCCC
HP12614,Others,#7F7F7F,Human,#FF0000,None,#CCCCCC,None,#CCCCCC,None,#CCCCCC,None,#CCCCCC
HP12504,Others,#7F7F7F,Human,#FF0000,None,#CCCCCC,None,#CCCCCC,None,#CCCCCC,None,#CCCCCC
HP12224,Others,#7F7F7F,Human,#FF0000,None,#CCCCCC,gyrA_T86I,#916523,None,#CCCCCC,None,#CCCCCC
HP12199,Others,#7F7F7F,Human,#FF0000,None,#CCCCCC,gyrA_T86I,#916523,None,#CCCCCC,None,#CCCCCC
R1-Cj-C-40,Others,#7F7F7F,Chicken_stool,#0E8F8F,None,#CCCCCC,None,#CCCCCC,None,#CCCCCC,None,#CCCCCC
R1-Cj-B-104,Others,#7F7F7F,Cattle_stool,#FEF08A,tet(O)*,#67991C,gyrA_T86I,#916523,None,#CCCCCC,None,#CCCCCC
R2-Cj-B-94,Others,#7F7F7F,Cattle_stool,#FEF08A,tet(O),#67991C,gyrA_T86I,#916523,None,#CCCCCC,None,#CCCCCC
R1-Cj-B-9,Others,#7F7F7F,Cattle_stool,#FEF08A,None,#CCCCCC,None,#CCCCCC,None,#CCCCCC,None,#CCCCCC
HP12613,Others,#7F7F7F,Human,#FF0000,None,#CCCCCC,None,#CCCCCC,None,#CCCCCC,None,#CCCCCC
R2-Cj-B-61,ST-21 complex,#E60012,Cattle_stool,#FEF08A,tet(O/M/O)*,#ADFF2F,gyrA_T86I,#916523,None,#CCCCCC,None,#CCCCCC
R2-Cj-B-92,ST-21 complex,#E60012,Cattle_stool,#FEF08A,tet(O/M/O)*,#ADFF2F,gyrA_T86I,#916523,None,#CCCCCC,None,#CCCCCC
R2-Cj-B-42,ST-21 complex,#E60012,Cattle_stool,#FEF08A,tet(O/M/O)*,#ADFF2F,gyrA_T86I,#916523,None,#CCCCCC,None,#CCCCCC
30-CJ-B-99-1-11,ST-21 complex,#E60012,Cattle_stool,#FEF08A,tet(O/M/O)*,#ADFF2F,gyrA_T86I,#916523,None,#CCCCCC,None,#CCCCCC
R2-Cj-B-14,ST-21 complex,#E60012,Cattle_stool,#FEF08A,tet(O/M/O)*,#ADFF2F,gyrA_T86I,#916523,23S_A2075G,#78BCFF,None,#CCCCCC
R1-Cj-B-79,ST-21 complex,#E60012,Cattle_stool,#FEF08A,tet(O/M/O)*,#ADFF2F,gyrA_T86I,#916523,None,#CCCCCC,aph(3')-IIIa*,#ffc000
30-CJ-B-203-1-36,ST-21 complex,#E60012,Cattle_stool,#FEF08A,tet(O/M/O)*,#ADFF2F,None,#CCCCCC,None,#CCCCCC,None,#CCCCCC
R2-Cj-B-11,ST-21 complex,#E60012,Cattle_stool,#FEF08A,tet(O/M/O)*,#ADFF2F,gyrA_T86I,#916523,None,#CCCCCC,None,#CCCCCC
HP12599,,,Human,#FF0000,tet(O/M/O)*,#ADFF2F,gyrA_T86I,#916523,None,#CCCCCC,None,#CCCCCC
30-CJ-B-63-1-4,ST-21 complex,#E60012,Cattle_stool,#FEF08A,tet(O/M/O)*,#ADFF2F,None,#CCCCCC,None,#CCCCCC,None,#CCCCCC
R2-Cj-B-103,ST-21 complex,#E60012,Cattle_stool,#FEF08A,tet(O/M/O)*,#ADFF2F,gyrA_T86I,#916523,None,#CCCCCC,None,#CCCCCC
R1-Cj-C-36,ST-21 complex,#E60012,Chicken_stool,#0E8F8F,tet(O/M/O)*,#ADFF2F,gyrA_T86I,#916523,None,#CCCCCC,None,#CCCCCC
R1-Cj-B-125,ST-21 complex,#E60012,Cattle_stool,#FEF08A,None,#CCCCCC,gyrA_T86I,#916523,None,#CCCCCC,None,#CCCCCC
R2-Cj-B-27,ST-21 complex,#E60012,Cattle_stool,#FEF08A,tet(O)*,#67991C,gyrA_T86I,#916523,None,#CCCCCC,None,#CCCCCC
R2-Cj-C-44,ST-21 complex,#E60012,Chicken_stool,#0E8F8F,tet(O/M/O)*,#ADFF2F,gyrA_T86I,#916523,23S_A2075G,#78BCFF,None,#CCCCCC
HP12623,ST-21 complex,#E60012,Human,#FF0000,tet(O/M/O)*,#ADFF2F,gyrA_T86I,#916523,None,#CCCCCC,None,#CCCCCC
R2-Cj-B-101,ST-21 complex,#E60012,Cattle_stool,#FEF08A,tet(O/M/O)*,#ADFF2F,gyrA_T86I,#916523,None,#CCCCCC,None,#CCCCCC
R2-Cj-B-17,ST-21 complex,#E60012,Cattle_stool,#FEF08A,tet(O/M/O)*,#ADFF2F,None,#CCCCCC,None,#CCCCCC,None,#CCCCCC
R2-Cj-B-97,ST-21 complex,#E60012,Cattle_stool,#FEF08A,tet(O/M/O)*,#ADFF2F,gyrA_T86I,#916523,None,#CCCCCC,None,#CCCCCC
R2-Cj-B-83,ST-21 complex,#E60012,Cattle_stool,#FEF08A,tet(O/M/O)*,#ADFF2F,gyrA_T86I,#916523,None,#CCCCCC,None,#CCCCCC
HP12523,ST-21 complex,#E60012,Human,#FF0000,tet(O/M/O)*,#ADFF2F,gyrA_T86I,#916523,None,#CCCCCC,None,#CCCCCC
R1-Cj-B-101,ST-21 complex,#E60012,Cattle_stool,#FEF08A,tet(O/M/O)*,#ADFF2F,None,#CCCCCC,None,#CCCCCC,None,#CCCCCC
R2-Cj-B-91,ST-21 complex,#E60012,Cattle_stool,#FEF08A,tet(O/M/O)*,#ADFF2F,gyrA_T86I,#916523,None,#CCCCCC,None,#CCCCCC
R2-Cj-B-40,ST-21 complex,#E60012,Cattle_stool,#FEF08A,tet(O/M/O)*,#ADFF2F,gyrA_T86I,#916523,None,#CCCCCC,None,#CCCCCC
R1-Cj-B-4,ST-21 complex,#E60012,Cattle_stool,#FEF08A,tet(O/M/O)*,#ADFF2F,gyrA_T86I,#916523,None,#CCCCCC,None,#CCCCCC
B-1-1-99,,,Cattle_stool,#FEF08A,tet(O/M/O)*,#ADFF2F,gyrA_T86I,#916523,None,#CCCCCC,None,#CCCCCC
R2-Cj-B-71,ST-21 complex,#E60012,Cattle_stool,#FEF08A,tet(O/M/O)*,#ADFF2F,gyrA_T86I,#916523,None,#CCCCCC,None,#CCCCCC
R2-Cj-B-68,ST-21 complex,#E60012,Cattle_stool,#FEF08A,tet(O/M/O)*,#ADFF2F,gyrA_T86I,#916523,None,#CCCCCC,None,#CCCCCC
R1-Cj-B-88,ST-21 complex,#E60012,Cattle_stool,#FEF08A,tet(O/M/O)*,#ADFF2F,gyrA_T86I,#916523,None,#CCCCCC,None,#CCCCCC
HP12636,,,Human,#FF0000,tet(O/M/O)*,#ADFF2F,gyrA_T86I,#916523,None,#CCCCCC,None,#CCCCCC
R1-Cj-B-65,ST-21 complex,#E60012,Cattle_stool,#FEF08A,tet(O/M/O)*,#ADFF2F,gyrA_T86I,#916523,None,#CCCCCC,None,#CCCCCC
B-1-1-45,ST-21 complex,#E60012,Cattle_stool,#FEF08A,tet(O/M/O)*,#ADFF2F,None,#CCCCCC,23S_A2075G,#78BCFF,None,#CCCCCC
R2-Cj-B-38,ST-21 complex,#E60012,Cattle_stool,#FEF08A,tet(O/M/O)*,#ADFF2F,gyrA_T86I,#916523,None,#CCCCCC,None,#CCCCCC
R1-Cj-B-38,ST-21 complex,#E60012,Cattle_stool,#FEF08A,tet(O/M/O)*,#ADFF2F,gyrA_T86I,#916523,None,#CCCCCC,None,#CCCCCC
R2-Cj-B-100,ST-21 complex,#E60012,Cattle_stool,#FEF08A,tet(O/M/O)*,#ADFF2F,gyrA_T86I,#916523,None,#CCCCCC,None,#CCCCCC
R2-Cj-B-59,ST-21 complex,#E60012,Cattle_stool,#FEF08A,tet(O)*,#67991C,gyrA_T86I,#916523,None,#CCCCCC,None,#CCCCCC
R2-Cj-B-89,ST-21 complex,#E60012,Cattle_stool,#FEF08A,tet(O/M/O)*,#ADFF2F,gyrA_T86I,#916523,None,#CCCCCC,None,#CCCCCC
R1-Cj-B-99,ST-21 complex,#E60012,Cattle_stool,#FEF08A,tet(O/M/O)*,#ADFF2F,gyrA_T86I,#916523,None,#CCCCCC,None,#CCCCCC
R1-Cj-B-67,ST-21 complex,#E60012,Cattle_stool,#FEF08A,tet(O/M/O)*,#ADFF2F,gyrA_T86I,#916523,None,#CCCCCC,None,#CCCCCC
R1-Cj-B-68,ST-21 complex,#E60012,Cattle_stool,#FEF08A,tet(O/M/O)*,#ADFF2F,None,#CCCCCC,None,#CCCCCC,None,#CCCCCC
R1-Cj-C-29,ST-21 complex,#E60012,Chicken_stool,#0E8F8F,tet(O/M/O)*,#ADFF2F,None,#CCCCCC,None,#CCCCCC,None,#CCCCCC
R2-Cj-B-90,ST-21 complex,#E60012,Cattle_stool,#FEF08A,tet(O/M/O)*,#ADFF2F,None,#CCCCCC,None,#CCCCCC,None,#CCCCCC
R1-Cj-B-97,ST-21 complex,#E60012,Cattle_stool,#FEF08A,tet(O/M/O)*,#ADFF2F,gyrA_T86I,#916523,None,#CCCCCC,None,#CCCCCC
R2-Cj-B-22,ST-21 complex,#E60012,Cattle_stool,#FEF08A,tet(O/M/O)*,#ADFF2F,gyrA_T86I,#916523,None,#CCCCCC,None,#CCCCCC
R1-Cj-B-103,ST-21 complex,#E60012,Cattle_stool,#FEF08A,tet(O/M/O)*,#ADFF2F,None,#CCCCCC,None,#CCCCCC,None,#CCCCCC
R2-Cj-B-82,ST-21 complex,#E60012,Cattle_stool,#FEF08A,tet(O/M/O)*,#ADFF2F,None,#CCCCCC,None,#CCCCCC,None,#CCCCCC
30-CJ-B-202-1-35,ST-21 complex,#E60012,Cattle_stool,#FEF08A,tet(O/M/O)*,#ADFF2F,gyrA_T86I,#916523,None,#CCCCCC,None,#CCCCCC
R2-Cj-C-46,ST-21 complex,#E60012,Chicken_stool,#0E8F8F,tet(O/M/O)*,#ADFF2F,gyrA_T86I,#916523,23S_A2075G,#78BCFF,None,#CCCCCC
R1-Cj-B-49,ST-21 complex,#E60012,Cattle_stool,#FEF08A,tet(O/M/O)*,#ADFF2F,gyrA_T86I,#916523,None,#CCCCCC,None,#CCCCCC
R1-Cj-B-48,ST-21 complex,#E60012,Cattle_stool,#FEF08A,tet(O/M/O)*,#ADFF2F,gyrA_T86I,#916523,None,#CCCCCC,None,#CCCCCC
R2-Cj-B-52,ST-21 complex,#E60012,Cattle_stool,#FEF08A,tet(O/M/O)*,#ADFF2F,gyrA_T86I,#916523,None,#CCCCCC,None,#CCCCCC
HP12592,ST-21 complex,#E60012,Human,#FF0000,tet(O/M/O)*,#ADFF2F,gyrA_T86I,#916523,23S_A2075G,#78BCFF,rpsL_K43R,#0000ff
B-43-1-87,ST-21 complex,#E60012,Cattle_stool,#FEF08A,tet(O/M/O)*,#ADFF2F,None,#CCCCCC,None,#CCCCCC,None,#CCCCCC
R1-Cj-B-41,ST-21 complex,#E60012,Cattle_stool,#FEF08A,tet(O)*,#67991C,gyrA_T86I,#916523,None,#CCCCCC,aph(3')-IIIa*,#ffc000
R2-Cj-B-70,ST-21 complex,#E60012,Cattle_stool,#FEF08A,tet(O/M/O)*,#ADFF2F,gyrA_T86I,#916523,None,#CCCCCC,None,#CCCCCC
R2-Cj-B-53,ST-21 complex,#E60012,Cattle_stool,#FEF08A,tet(O/M/O)*,#ADFF2F,gyrA_T86I,#916523,None,#CCCCCC,None,#CCCCCC
HP12552,ST-21 complex,#E60012,Human,#FF0000,tet(O/M/O)*,#ADFF2F,None,#CCCCCC,None,#CCCCCC,None,#CCCCCC
R2-Cj-B-44,ST-21 complex,#E60012,Cattle_stool,#FEF08A,None,#CCCCCC,None,#CCCCCC,None,#CCCCCC,None,#CCCCCC
R2-Cj-B-85,ST-21 complex,#E60012,Cattle_stool,#FEF08A,tet(O)*,#67991C,None,#CCCCCC,None,#CCCCCC,None,#CCCCCC
B-32-1-76,ST-21 complex,#E60012,Cattle_stool,#FEF08A,tet(O),#67991C,gyrA_T86I,#916523,None,#CCCCCC,None,#CCCCCC
R1-Cj-B-105,ST-21 complex,#E60012,Cattle_stool,#FEF08A,tet(O)*,#67991C,None,#CCCCCC,None,#CCCCCC,None,#CCCCCC
HP12158,ST-21 complex,#E60012,Human,#FF0000,tet(O)^,#67991C,gyrA_T86I,#916523,None,#CCCCCC,"aadE,rpsL_K43R,ant(6)-Ia^,aph(3')-IIIa",#FF0080
HP12236,ST-61 complex,#00A0E9,Human,#FF0000,None,#CCCCCC,None,#CCCCCC,None,#CCCCCC,None,#CCCCCC
HP12655,ST-61 complex,#00A0E9,Human,#FF0000,None,#CCCCCC,None,#CCCCCC,None,#CCCCCC,None,#CCCCCC
R1-Cj-B-53,ST-61 complex,#00A0E9,Cattle_stool,#FEF08A,tet(O/M/O)*,#ADFF2F,gyrA_T86I,#916523,None,#CCCCCC,None,#CCCCCC
R2-Cj-C-90,ST-61 complex,#00A0E9,Chicken_stool,#0E8F8F,None,#CCCCCC,gyrA_T86I,#916523,None,#CCCCCC,None,#CCCCCC
SC41,ST-61 complex,#00A0E9,Chicken_meat,#00FF00,None,#CCCCCC,None,#CCCCCC,None,#CCCCCC,None,#CCCCCC
R1-Cj-B-78,ST-61 complex,#00A0E9,Cattle_stool,#FEF08A,tet(O),#67991C,gyrA_T86I,#916523,None,#CCCCCC,None,#CCCCCC
R1-Cj-B-10,ST-61 complex,#00A0E9,Cattle_stool,#FEF08A,tet(O),#67991C,gyrA_T86I,#916523,None,#CCCCCC,None,#CCCCCC
R2-Cj-B-65,ST-61 complex,#00A0E9,Cattle_stool,#FEF08A,tet(O/M/O)*,#ADFF2F,None,#CCCCCC,None,#CCCCCC,None,#CCCCCC
B-43-1-43,ST-61 complex,#00A0E9,Cattle_stool,#FEF08A,tet(O/M/O)^,#ADFF2F,gyrA_T86I,#916523,None,#CCCCCC,None,#CCCCCC
HP12216,ST-61 complex,#00A0E9,Human,#FF0000,None,#CCCCCC,None,#CCCCCC,None,#CCCCCC,None,#CCCCCC
HP12215,ST-61 complex,#00A0E9,Human,#FF0000,None,#CCCCCC,None,#CCCCCC,None,#CCCCCC,None,#CCCCCC
R2-Cj-B-32,ST-61 complex,#00A0E9,Cattle_stool,#FEF08A,None,#CCCCCC,gyrA_T86I,#916523,None,#CCCCCC,None,#CCCCCC
R2-Cj-B-51,ST-61 complex,#00A0E9,Cattle_stool,#FEF08A,tet(O),#67991C,gyrA_T86I,#916523,None,#CCCCCC,rpsL_K43R,#0000ff
R1-Cj-B-62,ST-61 complex,#00A0E9,Cattle_stool,#FEF08A,tet(O),#67991C,gyrA_T86I,#916523,None,#CCCCCC,None,#CCCCCC
B-29-1-29,ST-61 complex,#00A0E9,Cattle_stool,#FEF08A,tet(O)*,#67991C,None,#CCCCCC,None,#CCCCCC,None,#CCCCCC
R2-Cj-B-25,ST-61 complex,#00A0E9,Cattle_stool,#FEF08A,tet(O)*,#67991C,None,#CCCCCC,None,#CCCCCC,None,#CCCCCC
R2-Cj-B-18,ST-61 complex,#00A0E9,Cattle_stool,#FEF08A,tet(O)*,#67991C,None,#CCCCCC,None,#CCCCCC,None,#CCCCCC
R1-Cj-B-50,ST-61 complex,#00A0E9,Cattle_stool,#FEF08A,tet(O)*,#67991C,None,#CCCCCC,None,#CCCCCC,None,#CCCCCC
30-CJ-B-204-1-37,ST-61 complex,#00A0E9,Cattle_stool,#FEF08A,tet(O)*,#67991C,gyrA_T86I,#916523,None,#CCCCCC,None,#CCCCCC
R2-Cj-B-116,ST-61 complex,#00A0E9,Cattle_stool,#FEF08A,tet(O)*,#67991C,gyrA_T86I,#916523,None,#CCCCCC,None,#CCCCCC
HP12248,ST-61 complex,#00A0E9,Human,#FF0000,tet(O)*,#67991C,None,#CCCCCC,None,#CCCCCC,None,#CCCCCC
R1-Cj-B-57,ST-61 complex,#00A0E9,Cattle_stool,#FEF08A,tet(O)*,#67991C,gyrA_T86I,#916523,None,#CCCCCC,None,#CCCCCC
R2-Cj-B-1,ST-61 complex,#00A0E9,Cattle_stool,#FEF08A,tet(O)*,#67991C,None,#CCCCCC,None,#CCCCCC,None,#CCCCCC
R2-Cj-B-77,ST-61 complex,#00A0E9,Cattle_stool,#FEF08A,tet(O),#67991C,gyrA_T86I,#916523,None,#CCCCCC,None,#CCCCCC
R2-Cj-B-15,ST-21 complex,#E60012,Cattle_stool,#FEF08A,tet(O),#67991C,gyrA_T86I,#916523,None,#CCCCCC,None,#CCCCCC
R2-Cj-B-96,ST-21 complex,#E60012,Cattle_stool,#FEF08A,None,#CCCCCC,None,#CCCCCC,None,#CCCCCC,None,#CCCCCC
R1-Cj-B-59,ST-21 complex,#E60012,Cattle_stool,#FEF08A,tet(O/M/O)*,#ADFF2F,gyrA_T86I,#916523,None,#CCCCCC,None,#CCCCCC
R2-Cj-B-29,ST-21 complex,#E60012,Cattle_stool,#FEF08A,None,#CCCCCC,None,#CCCCCC,None,#CCCCCC,None,#CCCCCC
R1-Cj-B-116,ST-21 complex,#E60012,Cattle_stool,#FEF08A,tet(O/M/O)*,#ADFF2F,gyrA_T86I,#916523,None,#CCCCCC,None,#CCCCCC
R2-Cj-B-98,ST-21 complex,#E60012,Cattle_stool,#FEF08A,None,#CCCCCC,gyrA_T86I,#916523,None,#CCCCCC,None,#CCCCCC
R1-Cj-B-74,ST-21 complex,#E60012,Cattle_stool,#FEF08A,tet(O)*,#67991C,gyrA_T86I,#916523,None,#CCCCCC,aph(3')-IIIa*,#ffc000
R1-Cj-B-54,ST-21 complex,#E60012,Cattle_stool,#FEF08A,tet(O)*,#67991C,gyrA_T86I,#916523,None,#CCCCCC,aph(3')-IIIa*,#ffc000
C-10-1-1-109,ST-21 complex,#E60012,Chicken_stool,#0E8F8F,None,#CCCCCC,gyrA_T86I,#916523,None,#CCCCCC,None,#CCCCCC
30-CJ-C-55-1-1-28,ST-21 complex,#E60012,Chicken_stool,#0E8F8F,tet(O/M/O)*,#ADFF2F,gyrA_T86I,#916523,None,#CCCCCC,aph(3')-IIIa*,#ffc000
30-CJ-B-208-1-40,ST-21 complex,#E60012,Cattle_stool,#FEF08A,tet(O/M/O)*,#ADFF2F,None,#CCCCCC,None,#CCCCCC,None,#CCCCCC
R1-Cj-C-32,ST-21 complex,#E60012,Chicken_stool,#0E8F8F,None,#CCCCCC,None,#CCCCCC,None,#CCCCCC,None,#CCCCCC
R2-Cj-C-38,ST-21 complex,#E60012,Chicken_stool,#0E8F8F,None,#CCCCCC,gyrA_T86I,#916523,None,#CCCCCC,None,#CCCCCC
HP12225,ST-21 complex,#E60012,Human,#FF0000,None,#CCCCCC,gyrA_T86I,#916523,None,#CCCCCC,None,#CCCCCC
HP12533,ST-21 complex,#E60012,Human,#FF0000,None,#CCCCCC,gyrA_T86I,#916523,None,#CCCCCC,None,#CCCCCC
HP12515,ST-21 complex,#E60012,Human,#FF0000,None,#CCCCCC,gyrA_T86I,#916523,None,#CCCCCC,None,#CCCCCC
HP12528,ST-21 complex,#E60012,Human,#FF0000,None,#CCCCCC,gyrA_T86I,#916523,None,#CCCCCC,None,#CCCCCC
30-CJ-B-233-1-45,ST-21 complex,#E60012,Cattle_stool,#FEF08A,None,#CCCCCC,None,#CCCCCC,None,#CCCCCC,None,#CCCCCC
30-CJ-B-163-1-24,ST-21 complex,#E60012,Cattle_stool,#FEF08A,None,#CCCCCC,None,#CCCCCC,None,#CCCCCC,None,#CCCCCC
R2-Cj-B-31,ST-21 complex,#E60012,Cattle_stool,#FEF08A,tet(O)*,#67991C,gyrA_T86I,#916523,None,#CCCCCC,None,#CCCCCC
R2-Cj-B-19,ST-21 complex,#E60012,Cattle_stool,#FEF08A,tet(O/M/O)*,#ADFF2F,gyrA_T86I,#916523,None,#CCCCCC,None,#CCCCCC
R1-Cj-B-3,ST-21 complex,#E60012,Cattle_stool,#FEF08A,None,#CCCCCC,None,#CCCCCC,None,#CCCCCC,None,#CCCCCC
R1-Cj-B-13,ST-21 complex,#E60012,Cattle_stool,#FEF08A,None,#CCCCCC,None,#CCCCCC,None,#CCCCCC,None,#CCCCCC
R1-Cj-B-1,ST-21 complex,#E60012,Cattle_stool,#FEF08A,tet(O/M/O)*,#ADFF2F,None,#CCCCCC,None,#CCCCCC,None,#CCCCCC
R1-Cj-B-72,ST-21 complex,#E60012,Cattle_stool,#FEF08A,tet(O/M/O)*,#ADFF2F,gyrA_T86I,#916523,None,#CCCCCC,None,#CCCCCC
R2-Cj-B-79,ST-21 complex,#E60012,Cattle_stool,#FEF08A,None,#CCCCCC,gyrA_T86I,#916523,None,#CCCCCC,rpsL_K88R,#FF0080
R1-Cj-B-17,ST-21 complex,#E60012,Cattle_stool,#FEF08A,tet(O)*,#67991C,gyrA_T86I,#916523,None,#CCCCCC,None,#CCCCCC
R2-Cj-C-40,ST-21 complex,#E60012,Chicken_stool,#0E8F8F,None,#CCCCCC,gyrA_T86I,#916523,None,#CCCCCC,None,#CCCCCC
R1-Cj-C-34,ST-21 complex,#E60012,Chicken_stool,#0E8F8F,None,#CCCCCC,gyrA_T86I,#916523,None,#CCCCCC,None,#CCCCCC
R2-Cj-B-33,ST-21 complex,#E60012,Cattle_stool,#FEF08A,tet(O/M/O)*,#ADFF2F,gyrA_T86I,#916523,None,#CCCCCC,None,#CCCCCC
SC13,ST-21 complex,#E60012,Chicken_meat,#00FF00,None,#CCCCCC,None,#CCCCCC,None,#CCCCCC,None,#CCCCCC
R1-Cj-B-95,ST-21 complex,#E60012,Cattle_stool,#FEF08A,tet(O/M/O)*,#ADFF2F,gyrA_T86I,#916523,None,#CCCCCC,None,#CCCCCC
R2-Cj-B-24,ST-21 complex,#E60012,Cattle_stool,#FEF08A,tet(O/M/O)*,#ADFF2F,gyrA_T86I,#916523,None,#CCCCCC,None,#CCCCCC
R1-Cj-B-109,ST-21 complex,#E60012,Cattle_stool,#FEF08A,tet(O/M/O)*,#ADFF2F,gyrA_T86I,#916523,None,#CCCCCC,None,#CCCCCC
R1-Cj-B-90,ST-21 complex,#E60012,Cattle_stool,#FEF08A,tet(O/M/O)*,#ADFF2F,gyrA_T86I,#916523,None,#CCCCCC,None,#CCCCCC
HP12646,ST-21 complex,#E60012,Human,#FF0000,tet(O/M/O)*,#ADFF2F,gyrA_T86I,#916523,None,#CCCCCC,None,#CCCCCC
SC46,ST-21 complex,#E60012,Chicken_meat,#00FF00,tet(O/M/O)*,#ADFF2F,gyrA_T86I,#916523,None,#CCCCCC,None,#CCCCCC
R2-Cj-B-80,ST-21 complex,#E60012,Cattle_stool,#FEF08A,tet(O/M/O)*,#ADFF2F,gyrA_T86I,#916523,None,#CCCCCC,None,#CCCCCC
R2-Cj-C-42,ST-21 complex,#E60012,Chicken_stool,#0E8F8F,tet(O/M/O)*,#ADFF2F,gyrA_T86I,#916523,None,#CCCCCC,rpsL_K43R,#0000ff
R2-Cj-B-28,ST-21 complex,#E60012,Cattle_stool,#FEF08A,tet(O),#67991C,None,#CCCCCC,None,#CCCCCC,None,#CCCCCC
R2-Cj-B-72,ST-21 complex,#E60012,Cattle_stool,#FEF08A,None,#CCCCCC,None,#CCCCCC,None,#CCCCCC,None,#CCCCCC
R1-Cj-B-63,ST-21 complex,#E60012,Cattle_stool,#FEF08A,None,#CCCCCC,None,#CCCCCC,None,#CCCCCC,None,#CCCCCC
30-CJ-B-243-1-49,ST-21 complex,#E60012,Cattle_stool,#FEF08A,tet(O),#67991C,None,#CCCCCC,None,#CCCCCC,None,#CCCCCC
R1-Cj-B-80,ST-21 complex,#E60012,Cattle_stool,#FEF08A,tet(O/M/O)*,#ADFF2F,None,#CCCCCC,None,#CCCCCC,None,#CCCCCC
HP12545,ST-21 complex,#E60012,Human,#FF0000,tet(O),#67991C,gyrA_T86I,#916523,None,#CCCCCC,None,#CCCCCC
R2-Cj-B-78,ST-21 complex,#E60012,Cattle_stool,#FEF08A,tet(O),#67991C,gyrA_T86I,#916523,None,#CCCCCC,None,#CCCCCC
HP12589,ST-21 complex,#E60012,Human,#FF0000,tet(O/M/O)*,#ADFF2F,gyrA_T86I,#916523,None,#CCCCCC,None,#CCCCCC
R2-Cj-B-76,ST-21 complex,#E60012,Cattle_stool,#FEF08A,None,#CCCCCC,gyrA_T86I,#916523,None,#CCCCCC,None,#CCCCCC
R1-Cj-B-36,ST-21 complex,#E60012,Cattle_stool,#FEF08A,tet(O/M/O)*,#ADFF2F,gyrA_T86I,#916523,None,#CCCCCC,None,#CCCCCC
R2-Cj-B-95,ST-21 complex,#E60012,Cattle_stool,#FEF08A,tet(O),#67991C,gyrA_T86I,#916523,None,#CCCCCC,None,#CCCCCC
R1-Cj-B-102,ST-21 complex,#E60012,Cattle_stool,#FEF08A,tet(O/M/O)*,#ADFF2F,gyrA_T86I,#916523,None,#CCCCCC,None,#CCCCCC
R1-Cj-B-61,ST-21 complex,#E60012,Cattle_stool,#FEF08A,tet(O/M/O)*,#ADFF2F,gyrA_T86I,#916523,None,#CCCCCC,None,#CCCCCC
R1-Cj-B-14,ST-21 complex,#E60012,Cattle_stool,#FEF08A,None,#CCCCCC,None,#CCCCCC,None,#CCCCCC,None,#CCCCCC
R1-Cj-B-43,ST-21 complex,#E60012,Cattle_stool,#FEF08A,tet(O/M/O)*,#ADFF2F,gyrA_T86I,#916523,50S_L22_G86E,#FF0080,None,#CCCCCC
R1-Cj-B-56,ST-21 complex,#E60012,Cattle_stool,#FEF08A,None,#CCCCCC,gyrA_T86I,#916523,None,#CCCCCC,None,#CCCCCC
R1-Cj-B-75,ST-21 complex,#E60012,Cattle_stool,#FEF08A,tet(O)*,#67991C,gyrA_T86I,#916523,None,#CCCCCC,rpsL_K43R,#0000ff
R2-Cj-B-109,ST-21 complex,#E60012,Cattle_stool,#FEF08A,tet(O/M/O)*,#ADFF2F,gyrA_T86I,#916523,23S_A2075G,#78BCFF,None,#CCCCCC
R2-Cj-B-117,ST-21 complex,#E60012,Cattle_stool,#FEF08A,tet(O/M/O)*,#ADFF2F,gyrA_T86I,#916523,23S_A2075G,#78BCFF,None,#CCCCCC
30-CJ-B-197-1-32,ST-21 complex,#E60012,Cattle_stool,#FEF08A,tet(O)*,#67991C,None,#CCCCCC,None,#CCCCCC,None,#CCCCCC
30-CJ-B-198-1-33,ST-21 complex,#E60012,Cattle_stool,#FEF08A,tet(O)*,#67991C,None,#CCCCCC,None,#CCCCCC,None,#CCCCCC
R1-Cj-B-24,ST-21 complex,#E60012,Cattle_stool,#FEF08A,tet(O)*,#67991C,None,#CCCCCC,None,#CCCCCC,None,#CCCCCC
30-CJ-B-213-1-41,ST-21 complex,#E60012,Cattle_stool,#FEF08A,tet(O)*,#67991C,None,#CCCCCC,None,#CCCCCC,None,#CCCCCC
HP12503,ST-21 complex,#E60012,Human,#FF0000,tet(O)*,#67991C,None,#CCCCCC,None,#CCCCCC,None,#CCCCCC
R1-Cj-B-11,ST-21 complex,#E60012,Cattle_stool,#FEF08A,tet(O)*,#67991C,gyrA_T86I,#916523,None,#CCCCCC,None,#CCCCCC
R2-Cj-B-5,ST-21 complex,#E60012,Cattle_stool,#FEF08A,tet(O)*,#67991C,None,#CCCCCC,None,#CCCCCC,None,#CCCCCC
HP12535,ST-21 complex,#E60012,Human,#FF0000,tet(O)*,#67991C,gyrA_T86I,#916523,None,#CCCCCC,None,#CCCCCC
HP12170,ST-21 complex,#E60012,Human,#FF0000,tet(O)*,#67991C,gyrA_T86I,#916523,None,#CCCCCC,None,#CCCCCC
HP12219,ST-21 complex,#E60012,Human,#FF0000,tet(O)*,#67991C,gyrA_T86I,#916523,None,#CCCCCC,None,#CCCCCC
R1-Cj-B-34,ST-21 complex,#E60012,Cattle_stool,#FEF08A,tet(O)*,#67991C,gyrA_T86I,#916523,None,#CCCCCC,None,#CCCCCC
HP12622,ST-21 complex,#E60012,Human,#FF0000,tet(O)*,#67991C,gyrA_T86I,#916523,None,#CCCCCC,None,#CCCCCC
HP12653,ST-21 complex,#E60012,Human,#FF0000,tet(O)*,#67991C,gyrA_T86I,#916523,None,#CCCCCC,None,#CCCCCC
HP12564,ST-21 complex,#E60012,Human,#FF0000,None,#CCCCCC,None,#CCCCCC,None,#CCCCCC,None,#CCCCCC
HP12511,ST-21 complex,#E60012,Human,#FF0000,None,#CCCCCC,None,#CCCCCC,None,#CCCCCC,None,#CCCCCC
SC32,ST-21 complex,#E60012,Chicken_meat,#00FF00,tet(O/M/O)*,#ADFF2F,None,#CCCCCC,None,#CCCCCC,None,#CCCCCC
HP12633,ST-21 complex,#E60012,Human,#FF0000,None,#CCCCCC,gyrA_T86I,#916523,None,#CCCCCC,None,#CCCCCC
HP12151,ST-21 complex,#E60012,Human,#FF0000,tet(O),#67991C,gyrA_T86I,#916523,None,#CCCCCC,None,#CCCCCC
HP12148,ST-21 complex,#E60012,Human,#FF0000,None,#CCCCCC,gyrA_T86I,#916523,None,#CCCCCC,None,#CCCCCC
HP12140,ST-21 complex,#E60012,Human,#FF0000,None,#CCCCCC,gyrA_T86I,#916523,None,#CCCCCC,None,#CCCCCC
R2-Cj-C-19,ST-21 complex,#E60012,Chicken_stool,#0E8F8F,tet(O)*,#67991C,gyrA_T86I,#916523,None,#CCCCCC,None,#CCCCCC
R1-Cj-B-77,ST-21 complex,#E60012,Cattle_stool,#FEF08A,None,#CCCCCC,gyrA_T86I,#916523,None,#CCCCCC,None,#CCCCCC
SC45,ST-21 complex,#E60012,Chicken_meat,#00FF00,None,#CCCCCC,gyrA_T86I,#916523,None,#CCCCCC,None,#CCCCCC
HP12501,ST-21 complex,#E60012,Human,#FF0000,tet(O)*,#67991C,gyrA_T86I,#916523,None,#CCCCCC,None,#CCCCCC
HP12223,ST-21 complex,#E60012,Human,#FF0000,None,#CCCCCC,gyrA_T86I,#916523,None,#CCCCCC,None,#CCCCCC
R1-Cj-C-65,ST-21 complex,#E60012,Chicken_stool,#0E8F8F,tet(O)*,#67991C,gyrA_T86I,#916523,None,#CCCCCC,None,#CCCCCC
R1-Cj-C-67,ST-21 complex,#E60012,Chicken_stool,#0E8F8F,tet(O)*,#67991C,gyrA_T86I,#916523,None,#CCCCCC,None,#CCCCCC
HP12155,ST-21 complex,#E60012,Human,#FF0000,tet(O)*,#67991C,"gyrA_D90N,gyrA_T86I",#FFCCCC,None,#CCCCCC,None,#CCCCCC
30-CJ-C-22-2-1-14,ST-21 complex,#E60012,Chicken_stool,#0E8F8F,tet(O)*,#67991C,gyrA_T86I,#916523,None,#CCCCCC,None,#CCCCCC
R2-Cj-C-21,ST-21 complex,#E60012,Chicken_stool,#0E8F8F,tet(O)*,#67991C,gyrA_T86I,#916523,None,#CCCCCC,None,#CCCCCC
R1-Cj-C-14,ST-21 complex,#E60012,Chicken_stool,#0E8F8F,tet(O)*,#67991C,gyrA_T86I,#916523,None,#CCCCCC,None,#CCCCCC
30-CJ-C-7-1-1-1,ST-21 complex,#E60012,Chicken_stool,#0E8F8F,tet(O)*,#67991C,gyrA_T86I,#916523,None,#CCCCCC,None,#CCCCCC
30-CJ-C-38-1-1-17,ST-21 complex,#E60012,Chicken_stool,#0E8F8F,tet(O)*,#67991C,gyrA_T86I,#916523,None,#CCCCCC,None,#CCCCCC
HP12156,ST-21 complex,#E60012,Human,#FF0000,None,#CCCCCC,gyrA_T86I,#916523,None,#CCCCCC,None,#CCCCCC
HP12166,ST-21 complex,#E60012,Human,#FF0000,None,#CCCCCC,gyrA_T86I,#916523,None,#CCCCCC,None,#CCCCCC
HP12154,ST-21 complex,#E60012,Human,#FF0000,None,#CCCCCC,gyrA_T86I,#916523,None,#CCCCCC,None,#CCCCCC
HP12185,ST-21 complex,#E60012,Human,#FF0000,None,#CCCCCC,gyrA_T86I,#916523,None,#CCCCCC,None,#CCCCCC
HP12652,ST-21 complex,#E60012,Human,#FF0000,None,#CCCCCC,None,#CCCCCC,None,#CCCCCC,None,#CCCCCC
R2-Cj-C-50,ST-21 complex,#E60012,Chicken_stool,#0E8F8F,None,#CCCCCC,None,#CCCCCC,None,#CCCCCC,None,#CCCCCC
R1-Cj-B-69,ST-21 complex,#E60012,Cattle_stool,#FEF08A,None,#CCCCCC,None,#CCCCCC,None,#CCCCCC,None,#CCCCCC
R2-Cj-C-48,ST-21 complex,#E60012,Chicken_stool,#0E8F8F,None,#CCCCCC,None,#CCCCCC,None,#CCCCCC,None,#CCCCCC
HP12578,ST-21 complex,#E60012,Human,#FF0000,None,#CCCCCC,None,#CCCCCC,None,#CCCCCC,None,#CCCCCC
HP12637,ST-21 complex,#E60012,Human,#FF0000,None,#CCCCCC,gyrA_T86I,#916523,None,#CCCCCC,None,#CCCCCC
HP12575,ST-21 complex,#E60012,Human,#FF0000,None,#CCCCCC,gyrA_T86I,#916523,None,#CCCCCC,None,#CCCCCC
R2-Cj-C-52,ST-21 complex,#E60012,Chicken_stool,#0E8F8F,None,#CCCCCC,None,#CCCCCC,None,#CCCCCC,None,#CCCCCC
C-2-1-1-19,ST-21 complex,#E60012,Chicken_stool,#0E8F8F,None,#CCCCCC,None,#CCCCCC,None,#CCCCCC,None,#CCCCCC
HP12591,ST-21 complex,#E60012,Human,#FF0000,None,#CCCCCC,gyrA_T86I,#916523,None,#CCCCCC,None,#CCCCCC
HP12629,ST-21 complex,#E60012,Human,#FF0000,None,#CCCCCC,gyrA_T86I,#916523,None,#CCCCCC,None,#CCCCCC
R1-Cj-C-44,ST-21 complex,#E60012,Chicken_stool,#0E8F8F,None,#CCCCCC,None,#CCCCCC,None,#CCCCCC,None,#CCCCCC
R1-Cj-C-38,ST-21 complex,#E60012,Chicken_stool,#0E8F8F,None,#CCCCCC,None,#CCCCCC,None,#CCCCCC,None,#CCCCCC
30-CJ-C-170-1-1-83,ST-21 complex,#E60012,Chicken_stool,#0E8F8F,None,#CCCCCC,None,#CCCCCC,None,#CCCCCC,None,#CCCCCC
30-CJ-C-169-1-1-81,ST-21 complex,#E60012,Chicken_stool,#0E8F8F,None,#CCCCCC,None,#CCCCCC,None,#CCCCCC,None,#CCCCCC
30-CJ-C-124-1-1-67,ST-21 complex,#E60012,Chicken_stool,#0E8F8F,None,#CCCCCC,None,#CCCCCC,None,#CCCCCC,None,#CCCCCC
HP12594,ST-21 complex,#E60012,Human,#FF0000,None,#CCCCCC,None,#CCCCCC,None,#CCCCCC,None,#CCCCCC
HP12172,ST-21 complex,#E60012,Human,#FF0000,None,#CCCCCC,None,#CCCCCC,None,#CCCCCC,None,#CCCCCC
HP12147,ST-21 complex,#E60012,Human,#FF0000,None,#CCCCCC,gyrA_T86I,#916523,None,#CCCCCC,None,#CCCCCC
HP12197,,,Human,#FF0000,None,#CCCCCC,None,#CCCCCC,None,#CCCCCC,None,#CCCCCC
HP12617,ST-21 complex,#E60012,Human,#FF0000,None,#CCCCCC,gyrA_T86I,#916523,None,#CCCCCC,None,#CCCCCC
HP12198,ST-21 complex,#E60012,Human,#FF0000,tet(O/M/O),#ADFF2F,gyrA_T86I,#916523,None,#CCCCCC,None,#CCCCCC
HP12141,ST-21 complex,#E60012,Human,#FF0000,tet(O/M/O),#ADFF2F,gyrA_T86I,#916523,None,#CCCCCC,None,#CCCCCC
HP12142,ST-21 complex,#E60012,Human,#FF0000,tet(O/M/O),#ADFF2F,gyrA_T86I,#916523,None,#CCCCCC,None,#CCCCCC
HP12550,ST-21 complex,#E60012,Human,#FF0000,tet(O/M/O),#ADFF2F,gyrA_T86I,#916523,None,#CCCCCC,None,#CCCCCC
HP12549,ST-21 complex,#E60012,Human,#FF0000,tet(O/M/O),#ADFF2F,gyrA_T86I,#916523,None,#CCCCCC,None,#CCCCCC
HP12608,ST-21 complex,#E60012,Human,#FF0000,tet(O/M/O),#ADFF2F,gyrA_T86I,#916523,None,#CCCCCC,None,#CCCCCC
HP12574,ST-21 complex,#E60012,Human,#FF0000,None,#CCCCCC,gyrA_T86I,#916523,None,#CCCCCC,None,#CCCCCC
HP12612,ST-21 complex,#E60012,Human,#FF0000,tet(O/M/O),#ADFF2F,gyrA_T86I,#916523,None,#CCCCCC,None,#CCCCCC
HP12553,ST-21 complex,#E60012,Human,#FF0000,tet(O/M/O),#ADFF2F,gyrA_T86I,#916523,None,#CCCCCC,None,#CCCCCC
HP12143,ST-21 complex,#E60012,Human,#FF0000,tet(O),#67991C,None,#CCCCCC,None,#CCCCCC,None,#CCCCCC
HP12651,ST-21 complex,#E60012,Human,#FF0000,None,#CCCCCC,None,#CCCCCC,None,#CCCCCC,None,#CCCCCC
HP12642,ST-21 complex,#E60012,Human,#FF0000,None,#CCCCCC,None,#CCCCCC,None,#CCCCCC,None,#CCCCCC
HP12499,ST-21 complex,#E60012,Human,#FF0000,None,#CCCCCC,None,#CCCCCC,None,#CCCCCC,None,#CCCCCC
HP12605,ST-21 complex,#E60012,Human,#FF0000,None,#CCCCCC,gyrA_T86I,#916523,None,#CCCCCC,None,#CCCCCC
HP12621,ST-21 complex,#E60012,Human,#FF0000,None,#CCCCCC,gyrA_T86I,#916523,None,#CCCCCC,None,#CCCCCC
SC2,ST-21 complex,#E60012,Chicken_meat,#00FF00,None,#CCCCCC,gyrA_T86I,#916523,None,#CCCCCC,None,#CCCCCC
SC53,ST-21 complex,#E60012,Chicken_meat,#00FF00,None,#CCCCCC,None,#CCCCCC,None,#CCCCCC,None,#CCCCCC
HP12615,ST-21 complex,#E60012,Human,#FF0000,None,#CCCCCC,gyrA_T86I,#916523,None,#CCCCCC,None,#CCCCCC
HP12561,ST-21 complex,#E60012,Human,#FF0000,None,#CCCCCC,gyrA_T86I,#916523,None,#CCCCCC,None,#CCCCCC
HP12635,ST-21 complex,#E60012,Human,#FF0000,None,#CCCCCC,gyrA_T86I,#916523,None,#CCCCCC,None,#CCCCCC
HP12583,ST-21 complex,#E60012,Human,#FF0000,None,#CCCCCC,gyrA_T86I,#916523,None,#CCCCCC,None,#CCCCCC
SC11,ST-21 complex,#E60012,Chicken_meat,#00FF00,None,#CCCCCC,gyrA_T86I,#916523,None,#CCCCCC,None,#CCCCCC
HP12565,ST-21 complex,#E60012,Human,#FF0000,None,#CCCCCC,gyrA_T86I,#916523,None,#CCCCCC,None,#CCCCCC
SC44,ST-21 complex,#E60012,Chicken_meat,#00FF00,None,#CCCCCC,None,#CCCCCC,None,#CCCCCC,None,#CCCCCC
HP12590,ST-21 complex,#E60012,Human,#FF0000,None,#CCCCCC,gyrA_T86I,#916523,None,#CCCCCC,None,#CCCCCC
R1-Cj-C-16,ST-21 complex,#E60012,Chicken_stool,#0E8F8F,tet(O/M/O),#ADFF2F,None,#CCCCCC,None,#CCCCCC,None,#CCCCCC
HP12539,,,Human,#FF0000,None,#CCCCCC,None,#CCCCCC,None,#CCCCCC,None,#CCCCCC
C-1-1-1-7,ST-464 complex,#E4007F,Chicken_stool,#0E8F8F,None,#CCCCCC,None,#CCCCCC,50S_L22_A103V,#125699,None,#CCCCCC
C-2-2-1-38,ST-464 complex,#E4007F,Chicken_stool,#0E8F8F,None,#CCCCCC,None,#CCCCCC,50S_L22_A103V,#125699,None,#CCCCCC
HP12200,,,Human,#FF0000,None,#CCCCCC,None,#CCCCCC,50S_L22_A103V,#125699,None,#CCCCCC
SC36,ST-464 complex,#E4007F,Chicken_meat,#00FF00,None,#CCCCCC,gyrA_T86I,#916523,50S_L22_A103V,#125699,None,#CCCCCC
30-CJ-C-84-1-1-51,ST-464 complex,#E4007F,Chicken_stool,#0E8F8F,None,#CCCCCC,None,#CCCCCC,None,#CCCCCC,None,#CCCCCC
HP12619,,,Human,#FF0000,tet(O/M/O),#ADFF2F,None,#CCCCCC,50S_L22_A103V,#125699,None,#CCCCCC
HP12645,,,Human,#FF0000,tet(O/M/O),#ADFF2F,None,#CCCCCC,50S_L22_A103V,#125699,None,#CCCCCC
HP12587,,,Human,#FF0000,tet(O/M/O),#ADFF2F,None,#CCCCCC,50S_L22_A103V,#125699,None,#CCCCCC
HP12618,,,Human,#FF0000,tet(O/M/O),#ADFF2F,None,#CCCCCC,50S_L22_A103V,#125699,None,#CCCCCC
HP12624,Others,#7F7F7F,Human,#FF0000,None,#CCCCCC,None,#CCCCCC,50S_L22_A103V,#125699,None,#CCCCCC
SC38,Others,#7F7F7F,Chicken_meat,#00FF00,None,#CCCCCC,None,#CCCCCC,50S_L22_A103V,#125699,None,#CCCCCC
HP12542,Others,#7F7F7F,Human,#FF0000,None,#CCCCCC,None,#CCCCCC,50S_L22_A103V,#125699,None,#CCCCCC
R1-Cj-C-55,ST-464 complex,#E4007F,Chicken_stool,#0E8F8F,None,#CCCCCC,None,#CCCCCC,None,#CCCCCC,None,#CCCCCC
R2-Cj-C-74,ST-464 complex,#E4007F,Chicken_stool,#0E8F8F,None,#CCCCCC,None,#CCCCCC,None,#CCCCCC,None,#CCCCCC
30-CJ-C-147-2-1-76,,,Chicken_stool,#0E8F8F,None,#CCCCCC,None,#CCCCCC,None,#CCCCCC,None,#CCCCCC
C-4-1-1-90,ST-464 complex,#E4007F,Chicken_stool,#0E8F8F,None,#CCCCCC,None,#CCCCCC,None,#CCCCCC,None,#CCCCCC
30-CJ-C-21-1-1-12,ST-464 complex,#E4007F,Chicken_stool,#0E8F8F,tet(O)*,#67991C,gyrA_T86I,#916523,None,#CCCCCC,None,#CCCCCC
R2-Cj-C-79,ST-464 complex,#E4007F,Chicken_stool,#0E8F8F,tet(O)*,#67991C,gyrA_T86I,#916523,None,#CCCCCC,None,#CCCCCC
R2-Cj-C-81,ST-464 complex,#E4007F,Chicken_stool,#0E8F8F,tet(O)*,#67991C,gyrA_T86I,#916523,None,#CCCCCC,None,#CCCCCC
R2-Cj-C-84,ST-464 complex,#E4007F,Chicken_stool,#0E8F8F,tet(O)*,#67991C,None,#CCCCCC,None,#CCCCCC,None,#CCCCCC
R2-Cj-C-83,ST-464 complex,#E4007F,Chicken_stool,#0E8F8F,tet(O)*,#67991C,None,#CCCCCC,None,#CCCCCC,None,#CCCCCC
SC49,ST-464 complex,#E4007F,Chicken_meat,#00FF00,tet(O)*,#67991C,None,#CCCCCC,None,#CCCCCC,None,#CCCCCC
R2-Cj-C-66,,,Chicken_stool,#0E8F8F,None,#CCCCCC,None,#CCCCCC,None,#CCCCCC,None,#CCCCCC
HP12560,,,Human,#FF0000,None,#CCCCCC,None,#CCCCCC,None,#CCCCCC,None,#CCCCCC
HP12593,ST-21 complex,#E60012,Human,#FF0000,None,#CCCCCC,None,#CCCCCC,None,#CCCCCC,None,#CCCCCC
HP12492,ST-21 complex,#E60012,Human,#FF0000,None,#CCCCCC,None,#CCCCCC,None,#CCCCCC,None,#CCCCCC
HP12536,ST-21 complex,#E60012,Human,#FF0000,None,#CCCCCC,None,#CCCCCC,None,#CCCCCC,None,#CCCCCC
HP12519,ST-21 complex,#E60012,Human,#FF0000,None,#CCCCCC,None,#CCCCCC,None,#CCCCCC,None,#CCCCCC
HP12495,ST-21 complex,#E60012,Human,#FF0000,None,#CCCCCC,None,#CCCCCC,None,#CCCCCC,None,#CCCCCC
R1-Cj-C-63,ST-21 complex,#E60012,Chicken_stool,#0E8F8F,None,#CCCCCC,gyrA_T86I,#916523,None,#CCCCCC,None,#CCCCCC
30-CJ-C-10-1-1-4,ST-21 complex,#E60012,Chicken_stool,#0E8F8F,None,#CCCCCC,None,#CCCCCC,None,#CCCCCC,None,#CCCCCC
30-CJ-C-23-1-1-15,ST-21 complex,#E60012,Chicken_stool,#0E8F8F,None,#CCCCCC,None,#CCCCCC,None,#CCCCCC,None,#CCCCCC
HP12247,ST-21 complex,#E60012,Human,#FF0000,None,#CCCCCC,gyrA_T86I,#916523,None,#CCCCCC,None,#CCCCCC
HP12233,ST-21 complex,#E60012,Human,#FF0000,None,#CCCCCC,gyrA_T86I,#916523,None,#CCCCCC,None,#CCCCCC
HP12221,ST-21 complex,#E60012,Human,#FF0000,None,#CCCCCC,gyrA_T86I,#916523,None,#CCCCCC,None,#CCCCCC
HP12176,ST-21 complex,#E60012,Human,#FF0000,None,#CCCCCC,gyrA_T86I,#916523,None,#CCCCCC,None,#CCCCCC
HP12183,ST-21 complex,#E60012,Human,#FF0000,None,#CCCCCC,gyrA_T86I,#916523,None,#CCCCCC,None,#CCCCCC
HP12220,ST-21 complex,#E60012,Human,#FF0000,None,#CCCCCC,None,#CCCCCC,None,#CCCCCC,None,#CCCCCC
HP12648,ST-21 complex,#E60012,Human,#FF0000,None,#CCCCCC,None,#CCCCCC,None,#CCCCCC,None,#CCCCCC
HP12516,ST-21 complex,#E60012,Human,#FF0000,None,#CCCCCC,None,#CCCCCC,None,#CCCCCC,None,#CCCCCC
R2-Cj-C-94,ST-21 complex,#E60012,Chicken_stool,#0E8F8F,None,#CCCCCC,gyrA_T86I,#916523,None,#CCCCCC,None,#CCCCCC
R2-Cj-C-96,ST-21 complex,#E60012,Chicken_stool,#0E8F8F,None,#CCCCCC,gyrA_T86I,#916523,None,#CCCCCC,None,#CCCCCC
HP12601,ST-21 complex,#E60012,Human,#FF0000,None,#CCCCCC,gyrA_T86I,#916523,None,#CCCCCC,None,#CCCCCC
R2-Cj-C-76,ST-21 complex,#E60012,Chicken_stool,#0E8F8F,None,#CCCCCC,None,#CCCCCC,None,#CCCCCC,None,#CCCCCC
R2-Cj-B-128,ST-21 complex,#E60012,Cattle_stool,#FEF08A,tet(O/M/O)*,#ADFF2F,None,#CCCCCC,None,#CCCCCC,None,#CCCCCC
30-CJ-B-102-1-12,ST-21 complex,#E60012,Cattle_stool,#FEF08A,None,#CCCCCC,None,#CCCCCC,None,#CCCCCC,None,#CCCCCC
HP12520,ST-21 complex,#E60012,Human,#FF0000,None,#CCCCCC,gyrA_T86I,#916523,50S_L22_A103V,#125699,None,#CCCCCC
R2-Cj-B-62,ST-21 complex,#E60012,Cattle_stool,#FEF08A,None,#CCCCCC,gyrA_T86I,#916523,50S_L22_A103V,#125699,None,#CCCCCC
HP12603,ST-21 complex,#E60012,Human,#FF0000,None,#CCCCCC,None,#CCCCCC,50S_L22_A103V,#125699,None,#CCCCCC
R2-Cj-B-84,ST-21 complex,#E60012,Cattle_stool,#FEF08A,None,#CCCCCC,gyrA_T86I,#916523,50S_L22_A103V,#125699,None,#CCCCCC
HP12227,ST-21 complex,#E60012,Human,#FF0000,None,#CCCCCC,gyrA_T86I,#916523,50S_L22_A103V,#125699,None,#CCCCCC
HP12230,ST-21 complex,#E60012,Human,#FF0000,None,#CCCCCC,gyrA_T86I,#916523,50S_L22_A103V,#125699,None,#CCCCCC
SC8,ST-21 complex,#E60012,Chicken_meat,#00FF00,None,#CCCCCC,gyrA_T86I,#916523,50S_L22_A103V,#125699,None,#CCCCCC
R2-Cj-B-127,ST-21 complex,#E60012,Cattle_stool,#FEF08A,None,#CCCCCC,gyrA_T86I,#916523,50S_L22_A103V,#125699,None,#CCCCCC
R1-Cj-B-42,ST-21 complex,#E60012,Cattle_stool,#FEF08A,None,#CCCCCC,gyrA_T86I,#916523,50S_L22_A103V,#125699,None,#CCCCCC
R1-Cj-B-44,ST-21 complex,#E60012,Cattle_stool,#FEF08A,None,#CCCCCC,gyrA_T86I,#916523,50S_L22_A103V,#125699,None,#CCCCCC
HP12562,,,Human,#FF0000,None,#CCCCCC,None,#CCCCCC,None,#CCCCCC,None,#CCCCCC
HP12584,ST-48 complex,#FFF100,Human,#FF0000,None,#CCCCCC,gyrA_T86I,#916523,None,#CCCCCC,None,#CCCCCC
R2-Cj-C-9,ST-48 complex,#FFF100,Chicken_stool,#0E8F8F,None,#CCCCCC,None,#CCCCCC,None,#CCCCCC,None,#CCCCCC
HP12506,ST-48 complex,#FFF100,Human,#FF0000,None,#CCCCCC,None,#CCCCCC,None,#CCCCCC,None,#CCCCCC
HP12238,ST-48 complex,#FFF100,Human,#FF0000,None,#CCCCCC,None,#CCCCCC,None,#CCCCCC,None,#CCCCCC
HP12493,ST-48 complex,#FFF100,Human,#FF0000,None,#CCCCCC,None,#CCCCCC,None,#CCCCCC,None,#CCCCCC
HP12228,ST-48 complex,#FFF100,Human,#FF0000,None,#CCCCCC,None,#CCCCCC,None,#CCCCCC,None,#CCCCCC
HP12544,ST-48 complex,#FFF100,Human,#FF0000,None,#CCCCCC,gyrA_T86I,#916523,None,#CCCCCC,None,#CCCCCC
HP12607,ST-48 complex,#FFF100,Human,#FF0000,None,#CCCCCC,gyrA_T86I,#916523,None,#CCCCCC,None,#CCCCCC
HP12566,ST-48 complex,#FFF100,Human,#FF0000,None,#CCCCCC,gyrA_T86I,#916523,None,#CCCCCC,None,#CCCCCC
HP12588,ST-48 complex,#FFF100,Human,#FF0000,None,#CCCCCC,gyrA_T86I,#916523,None,#CCCCCC,None,#CCCCCC
HP12551,ST-48 complex,#FFF100,Human,#FF0000,None,#CCCCCC,gyrA_T86I,#916523,None,#CCCCCC,None,#CCCCCC
HP12531,ST-48 complex,#FFF100,Human,#FF0000,None,#CCCCCC,gyrA_T86I,#916523,None,#CCCCCC,None,#CCCCCC
HP12537,ST-48 complex,#FFF100,Human,#FF0000,None,#CCCCCC,gyrA_T86I,#916523,None,#CCCCCC,None,#CCCCCC
SC54,ST-48 complex,#FFF100,Chicken_meat,#00FF00,None,#CCCCCC,gyrA_T86I,#916523,None,#CCCCCC,None,#CCCCCC
SC55,ST-48 complex,#FFF100,Chicken_meat,#00FF00,None,#CCCCCC,gyrA_T86I,#916523,None,#CCCCCC,None,#CCCCCC
R1-Cj-C-9,ST-48 complex,#FFF100,Chicken_stool,#0E8F8F,None,#CCCCCC,gyrA_T86I,#916523,None,#CCCCCC,None,#CCCCCC
HP12186,ST-48 complex,#FFF100,Human,#FF0000,None,#CCCCCC,gyrA_T86I,#916523,None,#CCCCCC,None,#CCCCCC
R2-Cj-B-86,ST-48 complex,#FFF100,Cattle_stool,#FEF08A,None,#CCCCCC,None,#CCCCCC,None,#CCCCCC,None,#CCCCCC
R2-Cj-C-7,ST-48 complex,#FFF100,Chicken_stool,#0E8F8F,None,#CCCCCC,None,#CCCCCC,None,#CCCCCC,None,#CCCCCC
R2-Cj-C-5,ST-48 complex,#FFF100,Chicken_stool,#0E8F8F,None,#CCCCCC,None,#CCCCCC,None,#CCCCCC,None,#CCCCCC
R1-Cj-C-5,ST-48 complex,#FFF100,Chicken_stool,#0E8F8F,None,#CCCCCC,None,#CCCCCC,None,#CCCCCC,None,#CCCCCC
HP12505,ST-48 complex,#FFF100,Human,#FF0000,None,#CCCCCC,None,#CCCCCC,None,#CCCCCC,None,#CCCCCC
R2-Cj-C-11,ST-48 complex,#FFF100,Chicken_stool,#0E8F8F,None,#CCCCCC,None,#CCCCCC,None,#CCCCCC,None,#CCCCCC
HP12571,ST-48 complex,#FFF100,Human,#FF0000,None,#CCCCCC,None,#CCCCCC,None,#CCCCCC,None,#CCCCCC
R1-Cj-C-7,ST-48 complex,#FFF100,Chicken_stool,#0E8F8F,None,#CCCCCC,None,#CCCCCC,None,#CCCCCC,None,#CCCCCC
HP12173,ST-48 complex,#FFF100,Human,#FF0000,None,#CCCCCC,None,#CCCCCC,None,#CCCCCC,None,#CCCCCC
HP12179,ST-48 complex,#FFF100,Human,#FF0000,None,#CCCCCC,None,#CCCCCC,None,#CCCCCC,None,#CCCCCC
HP12206,ST-48 complex,#FFF100,Human,#FF0000,None,#CCCCCC,None,#CCCCCC,None,#CCCCCC,None,#CCCCCC
30-CJ-C-93-1-1-55,ST-48 complex,#FFF100,Chicken_stool,#0E8F8F,None,#CCCCCC,None,#CCCCCC,None,#CCCCCC,None,#CCCCCC
HP12222,ST-48 complex,#FFF100,Human,#FF0000,None,#CCCCCC,None,#CCCCCC,None,#CCCCCC,None,#CCCCCC
HP12211,ST-48 complex,#FFF100,Human,#FF0000,None,#CCCCCC,None,#CCCCCC,None,#CCCCCC,None,#CCCCCC
HP12243,ST-48 complex,#FFF100,Human,#FF0000,None,#CCCCCC,None,#CCCCCC,None,#CCCCCC,None,#CCCCCC
HP12579,ST-48 complex,#FFF100,Human,#FF0000,None,#CCCCCC,None,#CCCCCC,None,#CCCCCC,None,#CCCCCC
SC58,ST-48 complex,#FFF100,Chicken_meat,#00FF00,None,#CCCCCC,None,#CCCCCC,None,#CCCCCC,None,#CCCCCC
HP12576,ST-48 complex,#FFF100,Human,#FF0000,None,#CCCCCC,None,#CCCCCC,None,#CCCCCC,None,#CCCCCC
HP12628,ST-48 complex,#FFF100,Human,#FF0000,None,#CCCCCC,None,#CCCCCC,None,#CCCCCC,None,#CCCCCC
HP12242,ST-48 complex,#FFF100,Human,#FF0000,None,#CCCCCC,None,#CCCCCC,None,#CCCCCC,None,#CCCCCC
HP12139,ST-48 complex,#FFF100,Human,#FF0000,None,#CCCCCC,None,#CCCCCC,None,#CCCCCC,None,#CCCCCC
30-CJ-C-19-2-1-9,ST-48 complex,#FFF100,Chicken_stool,#0E8F8F,None,#CCCCCC,None,#CCCCCC,None,#CCCCCC,None,#CCCCCC
30-CJ-C-56-1-1-30,ST-48 complex,#FFF100,Chicken_stool,#0E8F8F,None,#CCCCCC,gyrA_T86I,#916523,None,#CCCCCC,None,#CCCCCC
30-CJ-C-40-1-1-21,ST-48 complex,#FFF100,Chicken_stool,#0E8F8F,None,#CCCCCC,None,#CCCCCC,None,#CCCCCC,None,#CCCCCC
30-CJ-C-123-2-1-66,ST-48 complex,#FFF100,Chicken_stool,#0E8F8F,None,#CCCCCC,None,#CCCCCC,None,#CCCCCC,None,#CCCCCC
HP12218,ST-48 complex,#FFF100,Human,#FF0000,None,#CCCCCC,None,#CCCCCC,None,#CCCCCC,None,#CCCCCC
HP12226,ST-48 complex,#FFF100,Human,#FF0000,None,#CCCCCC,None,#CCCCCC,None,#CCCCCC,None,#CCCCCC
30-CJ-C-128-1-1-73,ST-48 complex,#FFF100,Chicken_stool,#0E8F8F,None,#CCCCCC,None,#CCCCCC,None,#CCCCCC,None,#CCCCCC
30-CJ-C-9-2-1-3,ST-48 complex,#FFF100,Chicken_stool,#0E8F8F,None,#CCCCCC,None,#CCCCCC,None,#CCCCCC,None,#CCCCCC
HP12232,ST-48 complex,#FFF100,Human,#FF0000,None,#CCCCCC,gyrA_T86I,#916523,None,#CCCCCC,None,#CCCCCC
HP12231,ST-48 complex,#FFF100,Human,#FF0000,None,#CCCCCC,gyrA_T86I,#916523,None,#CCCCCC,None,#CCCCCC
HP12563,ST-48 complex,#FFF100,Human,#FF0000,tet(O/M/O)*,#ADFF2F,None,#CCCCCC,None,#CCCCCC,None,#CCCCCC
R1-Cj-B-51,ST922,#1D2088,Cattle_stool,#FEF08A,tet(O/M/O)*,#ADFF2F,None,#CCCCCC,None,#CCCCCC,None,#CCCCCC
R2-Cj-B-57,ST922,#1D2088,Cattle_stool,#FEF08A,None,#CCCCCC,None,#CCCCCC,None,#CCCCCC,None,#CCCCCC
R2-Cj-B-66,ST922,#1D2088,Cattle_stool,#FEF08A,tet(O/M/O)*,#ADFF2F,None,#CCCCCC,None,#CCCCCC,None,#CCCCCC
R2-Cj-B-7,,,Cattle_stool,#FEF08A,tet(O/M/O)*,#ADFF2F,None,#CCCCCC,None,#CCCCCC,None,#CCCCCC
R2-Cj-B-75,ST922,#1D2088,Cattle_stool,#FEF08A,None,#CCCCCC,None,#CCCCCC,None,#CCCCCC,None,#CCCCCC
30-CJ-B-93-1-10,ST922,#1D2088,Cattle_stool,#FEF08A,None,#CCCCCC,None,#CCCCCC,None,#CCCCCC,None,#CCCCCC
R1-Cj-B-8,ST922,#1D2088,Cattle_stool,#FEF08A,tet(O),#67991C,None,#CCCCCC,None,#CCCCCC,None,#CCCCCC
HP12654,ST922,#1D2088,Human,#FF0000,None,#CCCCCC,gyrA_T86I,#916523,None,#CCCCCC,None,#CCCCCC
R2-Cj-B-13,ST922,#1D2088,Cattle_stool,#FEF08A,tet(O)^,#67991C,gyrA_T86I,#916523,None,#CCCCCC,aph(3')-IIIa,#ffc000
HP12145,ST922,#1D2088,Human,#FF0000,None,#CCCCCC,None,#CCCCCC,None,#CCCCCC,None,#CCCCCC
30-CJ-B-24-1-1-2,Others,#7F7F7F,Cattle_stool,#FEF08A,tet(O/M/O)*,#ADFF2F,None,#CCCCCC,None,#CCCCCC,None,#CCCCCC
R1-Cj-B-127,Others,#7F7F7F,Cattle_stool,#FEF08A,tet(O/M/O)*,#ADFF2F,None,#CCCCCC,None,#CCCCCC,None,#CCCCCC
HP12209,,,Human,#FF0000,tet(O/M/O)*,#ADFF2F,None,#CCCCCC,None,#CCCCCC,aph(3')-IIIa*,#ffc000
R1-Cj-B-25,ST922,#1D2088,Cattle_stool,#FEF08A,None,#CCCCCC,None,#CCCCCC,None,#CCCCCC,None,#CCCCCC
30-CJ-B-150-1-20,ST922,#1D2088,Cattle_stool,#FEF08A,tet(O/M/O)*,#ADFF2F,None,#CCCCCC,None,#CCCCCC,None,#CCCCCC
30-CJ-B-207-1-39,ST922,#1D2088,Cattle_stool,#FEF08A,tet(O/M/O)*,#ADFF2F,None,#CCCCCC,None,#CCCCCC,None,#CCCCCC
HP12532,ST922,#1D2088,Human,#FF0000,tet(O/M/O)*,#ADFF2F,None,#CCCCCC,None,#CCCCCC,None,#CCCCCC
R1-Cj-B-6,ST922,#1D2088,Cattle_stool,#FEF08A,None,#CCCCCC,None,#CCCCCC,None,#CCCCCC,None,#CCCCCC
R1-Cj-B-100,ST922,#1D2088,Cattle_stool,#FEF08A,tet(O/M/O)*,#ADFF2F,gyrA_T86I,#916523,None,#CCCCCC,None,#CCCCCC
R2-Cj-B-4,ST922,#1D2088,Cattle_stool,#FEF08A,None,#CCCCCC,gyrA_T86I,#916523,None,#CCCCCC,None,#CCCCCC
R1-Cj-B-15,ST922,#1D2088,Cattle_stool,#FEF08A,tet(O/M/O)*,#ADFF2F,gyrA_T86I,#916523,None,#CCCCCC,None,#CCCCCC
HP12581,ST922,#1D2088,Human,#FF0000,tet(O/M/O)*,#ADFF2F,gyrA_T86I,#916523,None,#CCCCCC,aph(3')-IIIa,#ffc000
HP12558,ST922,#1D2088,Human,#FF0000,tet(O/M/O)*,#ADFF2F,gyrA_T86I,#916523,None,#CCCCCC,aph(3')-IIIa,#ffc000
R2-Cj-B-119,ST922,#1D2088,Cattle_stool,#FEF08A,tet(O)*,#67991C,gyrA_T86I,#916523,None,#CCCCCC,aph(3')-IIIa,#ffc000
HP12559,ST922,#1D2088,Human,#FF0000,tet(O/M/O)*,#ADFF2F,gyrA_T86I,#916523,None,#CCCCCC,aph(3')-IIIa,#ffc000
HP12643,ST922,#1D2088,Human,#FF0000,tet(O/M/O)*,#ADFF2F,gyrA_T86I,#916523,None,#CCCCCC,aph(3')-IIIa,#ffc000
R1-Cj-B-32,ST922,#1D2088,Cattle_stool,#FEF08A,tet(O/M/O)*,#ADFF2F,gyrA_T86I,#916523,None,#CCCCCC,aph(3')-IIIa,#ffc000
R1-Cj-B-31,,,Cattle_stool,#FEF08A,tet(O/M/O)*,#ADFF2F,gyrA_T86I,#916523,None,#CCCCCC,aph(3')-IIIa*,#ffc000
HP12496,Others,#7F7F7F,Human,#FF0000,None,#CCCCCC,None,#CCCCCC,None,#CCCCCC,None,#CCCCCC
HP12616,Others,#7F7F7F,Human,#FF0000,None,#CCCCCC,None,#CCCCCC,None,#CCCCCC,None,#CCCCCC
HP12508,Others,#7F7F7F,Human,#FF0000,None,#CCCCCC,None,#CCCCCC,None,#CCCCCC,None,#CCCCCC
HP12570,Others,#7F7F7F,Human,#FF0000,None,#CCCCCC,None,#CCCCCC,None,#CCCCCC,None,#CCCCCC
HP12165,,,Human,#FF0000,tet(O)*,#67991C,gyrA_T86I,#916523,None,#CCCCCC,aadE,#FF0080
HP12182,Others,#7F7F7F,Human,#FF0000,tet(O)*,#67991C,None,#CCCCCC,None,#CCCCCC,None,#CCCCCC
HP12204,Others,#7F7F7F,Human,#FF0000,None,#CCCCCC,None,#CCCCCC,None,#CCCCCC,None,#CCCCCC
R2-Cj-B-67,Others,#7F7F7F,Cattle_stool,#FEF08A,None,#CCCCCC,None,#CCCCCC,None,#CCCCCC,None,#CCCCCC
SC34,,,Chicken_meat,#00FF00,None,#CCCCCC,gyrA_T86I,#916523,None,#CCCCCC,None,#CCCCCC
SC10,Others,#7F7F7F,Chicken_meat,#00FF00,tet(O),#67991C,None,#CCCCCC,50S_L22_A103V,#125699,None,#CCCCCC
R1-Cj-C-52,,,Chicken_stool,#0E8F8F,tet(O)*,#67991C,gyrA_D90N,#00fa9a,None,#CCCCCC,None,#CCCCCC
R2-Cj-C-59,,,Chicken_stool,#0E8F8F,None,#CCCCCC,None,#CCCCCC,None,#CCCCCC,None,#CCCCCC
R2-Cj-C-33,Others,#7F7F7F,Chicken_stool,#0E8F8F,None,#CCCCCC,None,#CCCCCC,None,#CCCCCC,None,#CCCCCC
R2-Cj-C-35,,,Chicken_stool,#0E8F8F,tet(O),#67991C,None,#CCCCCC,None,#CCCCCC,None,#CCCCCC
R1-Cj-C-22,ST-45 complex,#009944,Chicken_stool,#0E8F8F,tet(O/M/O),#ADFF2F,None,#CCCCCC,None,#CCCCCC,None,#CCCCCC
HP12509,,,Human,#FF0000,tet(O/M/O),#ADFF2F,gyrA_T86I,#916523,None,#CCCCCC,None,#CCCCCC
R1-Cj-C-23,,,Chicken_stool,#0E8F8F,tet(O)*,#67991C,None,#CCCCCC,50S_L22_A103V,#125699,None,#CCCCCC
R1-Cj-C-20,,,Chicken_stool,#0E8F8F,tet(O),#67991C,None,#CCCCCC,None,#CCCCCC,None,#CCCCCC
R1-Cj-C-25,,,Chicken_stool,#0E8F8F,tet(O),#67991C,None,#CCCCCC,50S_L22_A103V,#125699,None,#CCCCCC
R1-Cj-C-3,,,Chicken_stool,#0E8F8F,tet(O)^,#67991C,None,#CCCCCC,50S_L22_A103V,#125699,None,#CCCCCC
30-CJ-C-37-2-1-16,ST-45 complex,#009944,Chicken_stool,#0E8F8F,None,#CCCCCC,None,#CCCCCC,None,#CCCCCC,None,#CCCCCC
HP12149,ST-45 complex,#009944,Human,#FF0000,None,#CCCCCC,gyrA_T86I,#916523,None,#CCCCCC,None,#CCCCCC
R2-Cj-C-56,Others,#7F7F7F,Chicken_stool,#0E8F8F,tet(O)*,#67991C,gyrA_T86I,#916523,None,#CCCCCC,None,#CCCCCC
30-CJ-C-126-1-1-71,Others,#7F7F7F,Chicken_stool,#0E8F8F,None,#CCCCCC,None,#CCCCCC,None,#CCCCCC,None,#CCCCCC
R1-Cj-B-58,Others,#7F7F7F,Cattle_stool,#FEF08A,None,#CCCCCC,None,#CCCCCC,None,#CCCCCC,None,#CCCCCC
C-7-1-1-82,ST-45 complex,#009944,Chicken_stool,#0E8F8F,tet(O)*,#67991C,None,#CCCCCC,None,#CCCCCC,None,#CCCCCC
HP12160,ST-45 complex,#009944,Human,#FF0000,None,#CCCCCC,None,#CCCCCC,None,#CCCCCC,None,#CCCCCC
SC4,ST-45 complex,#009944,Chicken_meat,#00FF00,None,#CCCCCC,None,#CCCCCC,None,#CCCCCC,None,#CCCCCC
SC17,ST-45 complex,#009944,Chicken_meat,#00FF00,tet(O/M/O)*,#ADFF2F,gyrA_T86I,#916523,None,#CCCCCC,None,#CCCCCC
30-CJ-B-191-1-31,ST-45 complex,#009944,Cattle_stool,#FEF08A,None,#CCCCCC,gyrA_T86I,#916523,None,#CCCCCC,None,#CCCCCC
SC47,ST-45 complex,#009944,Chicken_meat,#00FF00,None,#CCCCCC,None,#CCCCCC,None,#CCCCCC,None,#CCCCCC
SC3,ST-45 complex,#009944,Chicken_meat,#00FF00,None,#CCCCCC,None,#CCCCCC,None,#CCCCCC,None,#CCCCCC
SC20,ST-45 complex,#009944,Chicken_meat,#00FF00,None,#CCCCCC,None,#CCCCCC,None,#CCCCCC,None,#CCCCCC
SC14,ST-45 complex,#009944,Chicken_meat,#00FF00,None,#CCCCCC,None,#CCCCCC,None,#CCCCCC,None,#CCCCCC
R2-Cj-C-58,ST-45 complex,#009944,Chicken_stool,#0E8F8F,None,#CCCCCC,None,#CCCCCC,None,#CCCCCC,None,#CCCCCC
SC35,ST-45 complex,#009944,Chicken_meat,#00FF00,tet(O/M/O)*,#ADFF2F,gyrA_T86I,#916523,None,#CCCCCC,None,#CCCCCC
SC26,ST-45 complex,#009944,Chicken_meat,#00FF00,None,#CCCCCC,None,#CCCCCC,None,#CCCCCC,None,#CCCCCC
HP12202,ST-45 complex,#009944,Human,#FF0000,None,#CCCCCC,gyrA_T86I,#916523,None,#CCCCCC,None,#CCCCCC
HP12201,ST-45 complex,#009944,Human,#FF0000,None,#CCCCCC,gyrA_T86I,#916523,None,#CCCCCC,None,#CCCCCC
SC15,ST-45 complex,#009944,Chicken_meat,#00FF00,None,#CCCCCC,None,#CCCCCC,None,#CCCCCC,None,#CCCCCC
R2-Cj-B-69,ST-45 complex,#009944,Cattle_stool,#FEF08A,tet(O)*,#67991C,None,#CCCCCC,None,#CCCCCC,None,#CCCCCC
30-CJ-B-87-1-9,ST-45 complex,#009944,Cattle_stool,#FEF08A,tet(O)*,#67991C,None,#CCCCCC,None,#CCCCCC,None,#CCCCCC
R1-Cj-B-98,ST-45 complex,#009944,Cattle_stool,#FEF08A,tet(O)*,#67991C,None,#CCCCCC,None,#CCCCCC,None,#CCCCCC
SC19,ST-45 complex,#009944,Chicken_meat,#00FF00,tet(O)*,#67991C,gyrA_T86I,#916523,None,#CCCCCC,None,#CCCCCC
SC61,ST-45 complex,#009944,Chicken_meat,#00FF00,tet(O)*,#67991C,gyrA_T86I,#916523,None,#CCCCCC,None,#CCCCCC
HP12548,ST-45 complex,#009944,Human,#FF0000,None,#CCCCCC,None,#CCCCCC,None,#CCCCCC,None,#CCCCCC
HP12203,ST-22 complex,#F39800,Human,#FF0000,None,#CCCCCC,gyrA_T86I,#916523,None,#CCCCCC,None,#CCCCCC
R1-Cj-C-50,ST-22 complex,#F39800,Chicken_stool,#0E8F8F,None,#CCCCCC,gyrA_T86I,#916523,None,#CCCCCC,None,#CCCCCC
HP12639,ST-22 complex,#F39800,Human,#FF0000,None,#CCCCCC,None,#CCCCCC,None,#CCCCCC,None,#CCCCCC
HP12530,ST-22 complex,#F39800,Human,#FF0000,None,#CCCCCC,None,#CCCCCC,None,#CCCCCC,None,#CCCCCC
R2-Cj-C-63,ST-22 complex,#F39800,Chicken_stool,#0E8F8F,None,#CCCCCC,None,#CCCCCC,None,#CCCCCC,None,#CCCCCC
HP12650,ST-22 complex,#F39800,Human,#FF0000,None,#CCCCCC,None,#CCCCCC,None,#CCCCCC,None,#CCCCCC
R2-Cj-B-81,ST-22 complex,#F39800,Cattle_stool,#FEF08A,None,#CCCCCC,None,#CCCCCC,None,#CCCCCC,None,#CCCCCC
HP12237,ST-22 complex,#F39800,Human,#FF0000,None,#CCCCCC,None,#CCCCCC,None,#CCCCCC,None,#CCCCCC
HP12246,ST-22 complex,#F39800,Human,#FF0000,None,#CCCCCC,None,#CCCCCC,None,#CCCCCC,None,#CCCCCC
HP12630,ST-22 complex,#F39800,Human,#FF0000,None,#CCCCCC,None,#CCCCCC,None,#CCCCCC,None,#CCCCCC
HP12625,ST-22 complex,#F39800,Human,#FF0000,None,#CCCCCC,None,#CCCCCC,None,#CCCCCC,None,#CCCCCC
HP12620,ST-22 complex,#F39800,Human,#FF0000,None,#CCCCCC,None,#CCCCCC,None,#CCCCCC,None,#CCCCCC
R2-Cj-C-13,ST-22 complex,#F39800,Chicken_stool,#0E8F8F,None,#CCCCCC,None,#CCCCCC,None,#CCCCCC,None,#CCCCCC
R1-Cj-C-11,ST-22 complex,#F39800,Chicken_stool,#0E8F8F,None,#CCCCCC,None,#CCCCCC,None,#CCCCCC,None,#CCCCCC
HP12527,ST-22 complex,#F39800,Human,#FF0000,None,#CCCCCC,None,#CCCCCC,None,#CCCCCC,None,#CCCCCC
B-1-1-1,ST-22 complex,#F39800,Cattle_stool,#FEF08A,None,#CCCCCC,gyrA_T86I,#916523,None,#CCCCCC,None,#CCCCCC
HP12632,ST-22 complex,#F39800,Human,#FF0000,None,#CCCCCC,gyrA_T86I,#916523,None,#CCCCCC,None,#CCCCCC
HP12627,ST-22 complex,#F39800,Human,#FF0000,None,#CCCCCC,gyrA_T86I,#916523,None,#CCCCCC,None,#CCCCCC
HP12557,ST-22 complex,#F39800,Human,#FF0000,None,#CCCCCC,gyrA_T86I,#916523,None,#CCCCCC,None,#CCCCCC
HP12167,ST-22 complex,#F39800,Human,#FF0000,tet(O)*,#67991C,gyrA_T86I,#916523,None,#CCCCCC,None,#CCCCCC
HP12178,ST-22 complex,#F39800,Human,#FF0000,None,#CCCCCC,None,#CCCCCC,None,#CCCCCC,None,#CCCCCC
HP12644,ST-22 complex,#F39800,Human,#FF0000,None,#CCCCCC,None,#CCCCCC,None,#CCCCCC,None,#CCCCCC
HP12180,ST-22 complex,#F39800,Human,#FF0000,None,#CCCCCC,None,#CCCCCC,None,#CCCCCC,None,#CCCCCC
HP12184,ST-22 complex,#F39800,Human,#FF0000,None,#CCCCCC,gyrA_T86I,#916523,None,#CCCCCC,None,#CCCCCC
HP12525,ST-22 complex,#F39800,Human,#FF0000,tet(O)*,#67991C,gyrA_T86I,#916523,None,#CCCCCC,None,#CCCCCC
SC28,ST-22 complex,#F39800,Chicken_meat,#00FF00,tet(O)*,#67991C,gyrA_T86I,#916523,None,#CCCCCC,None,#CCCCCC
HP12568,ST-22 complex,#F39800,Human,#FF0000,tet(O)*,#67991C,gyrA_T86I,#916523,None,#CCCCCC,None,#CCCCCC
R1-Cj-C-48,ST-22 complex,#F39800,Chicken_stool,#0E8F8F,tet(O)*,#67991C,gyrA_T86I,#916523,None,#CCCCCC,None,#CCCCCC
HP12517,ST-22 complex,#F39800,Human,#FF0000,tet(O)*,#67991C,gyrA_T86I,#916523,None,#CCCCCC,None,#CCCCCC
HP12181,ST-22 complex,#F39800,Human,#FF0000,None,#CCCCCC,gyrA_T86I,#916523,None,#CCCCCC,None,#CCCCCC
R1-Cj-B-7,ST-22 complex,#F39800,Cattle_stool,#FEF08A,None,#CCCCCC,gyrA_T86I,#916523,None,#CCCCCC,None,#CCCCCC
HP12572,ST-22 complex,#F39800,Human,#FF0000,None,#CCCCCC,gyrA_T86I,#916523,None,#CCCCCC,None,#CCCCCC
R2-Cj-B-107,ST-22 complex,#F39800,Cattle_stool,#FEF08A,None,#CCCCCC,gyrA_T86I,#916523,None,#CCCCCC,None,#CCCCCC
R2-Cj-B-115,ST-22 complex,#F39800,Cattle_stool,#FEF08A,tet(O/M/O)*,#ADFF2F,gyrA_T86I,#916523,None,#CCCCCC,None,#CCCCCC
R1-Cj-B-33,ST-22 complex,#F39800,Cattle_stool,#FEF08A,None,#CCCCCC,gyrA_T86I,#916523,None,#CCCCCC,None,#CCCCCC
30-CJ-B-200-1-34,ST-22 complex,#F39800,Cattle_stool,#FEF08A,None,#CCCCCC,gyrA_T86I,#916523,None,#CCCCCC,None,#CCCCCC
R2-Cj-B-64,ST-22 complex,#F39800,Cattle_stool,#FEF08A,None,#CCCCCC,gyrA_T86I,#916523,None,#CCCCCC,None,#CCCCCC
R1-Cj-B-26,ST-22 complex,#F39800,Cattle_stool,#FEF08A,None,#CCCCCC,gyrA_T86I,#916523,None,#CCCCCC,None,#CCCCCC
HP12205,ST-22 complex,#F39800,Human,#FF0000,None,#CCCCCC,gyrA_T86I,#916523,None,#CCCCCC,None,#CCCCCC
HP12190,ST-22 complex,#F39800,Human,#FF0000,None,#CCCCCC,gyrA_T86I,#916523,None,#CCCCCC,None,#CCCCCC
HP12235,ST-22 complex,#F39800,Human,#FF0000,None,#CCCCCC,gyrA_T86I,#916523,None,#CCCCCC,None,#CCCCCC
HP12239,ST-22 complex,#F39800,Human,#FF0000,None,#CCCCCC,gyrA_T86I,#916523,None,#CCCCCC,None,#CCCCCC
HP12240,ST-22 complex,#F39800,Human,#FF0000,None,#CCCCCC,gyrA_T86I,#916523,None,#CCCCCC,None,#CCCCCC
HP12234,ST-22 complex,#F39800,Human,#FF0000,None,#CCCCCC,gyrA_T86I,#916523,None,#CCCCCC,None,#CCCCCC
30-CJ-B-158-1-23,ST-22 complex,#F39800,Cattle_stool,#FEF08A,None,#CCCCCC,gyrA_T86I,#916523,None,#CCCCCC,None,#CCCCCC
R2-Cj-B-113,ST-22 complex,#F39800,Cattle_stool,#FEF08A,None,#CCCCCC,gyrA_T86I,#916523,None,#CCCCCC,None,#CCCCCC
R1-Cj-B-23,ST-22 complex,#F39800,Cattle_stool,#FEF08A,None,#CCCCCC,gyrA_T86I,#916523,None,#CCCCCC,None,#CCCCCC
R2-Cj-B-63,ST-22 complex,#F39800,Cattle_stool,#FEF08A,None,#CCCCCC,gyrA_T86I,#916523,None,#CCCCCC,None,#CCCCCC
SC59,ST-22 complex,#F39800,Chicken_meat,#00FF00,None,#CCCCCC,gyrA_T86I,#916523,None,#CCCCCC,None,#CCCCCC
HP12157,ST-22 complex,#F39800,Human,#FF0000,None,#CCCCCC,gyrA_T86I,#916523,None,#CCCCCC,None,#CCCCCC
HP12582,ST-22 complex,#F39800,Human,#FF0000,None,#CCCCCC,gyrA_T86I,#916523,None,#CCCCCC,None,#CCCCCC
HP12245,ST-22 complex,#F39800,Human,#FF0000,None,#CCCCCC,gyrA_T86I,#916523,None,#CCCCCC,None,#CCCCCC
HP12171,ST-22 complex,#F39800,Human,#FF0000,None,#CCCCCC,gyrA_T86I,#916523,None,#CCCCCC,None,#CCCCCC
R1-Cj-B-96,ST-22 complex,#F39800,Cattle_stool,#FEF08A,None,#CCCCCC,gyrA_T86I,#916523,None,#CCCCCC,None,#CCCCCC
R1-Cj-B-19,ST-22 complex,#F39800,Cattle_stool,#FEF08A,None,#CCCCCC,gyrA_T86I,#916523,None,#CCCCCC,None,#CCCCCC
HP12177,ST-22 complex,#F39800,Human,#FF0000,None,#CCCCCC,gyrA_T86I,#916523,None,#CCCCCC,None,#CCCCCC
R1-Cj-B-12,ST-42 complex,#8FC31F,Cattle_stool,#FEF08A,None,#CCCCCC,gyrA_T86I,#916523,None,#CCCCCC,None,#CCCCCC
HP12596,ST-42 complex,#8FC31F,Human,#FF0000,None,#CCCCCC,gyrA_T86I,#916523,None,#CCCCCC,None,#CCCCCC
R2-Cj-B-23,ST-42 complex,#8FC31F,Cattle_stool,#FEF08A,None,#CCCCCC,gyrA_T86I,#916523,None,#CCCCCC,None,#CCCCCC
30-CJ-B-106-1-13,ST-42 complex,#8FC31F,Cattle_stool,#FEF08A,None,#CCCCCC,gyrA_T86I,#916523,None,#CCCCCC,None,#CCCCCC
R2-Cj-B-120,ST-42 complex,#8FC31F,Cattle_stool,#FEF08A,tet(O/M/O)*,#ADFF2F,None,#CCCCCC,None,#CCCCCC,None,#CCCCCC
HP12569,ST-42 complex,#8FC31F,Human,#FF0000,None,#CCCCCC,None,#CCCCCC,None,#CCCCCC,None,#CCCCCC
R2-Cj-B-47,ST-42 complex,#8FC31F,Cattle_stool,#FEF08A,None,#CCCCCC,None,#CCCCCC,None,#CCCCCC,None,#CCCCCC
R2-Cj-B-34,ST-42 complex,#8FC31F,Cattle_stool,#FEF08A,tet(O/M/O)*,#ADFF2F,None,#CCCCCC,None,#CCCCCC,None,#CCCCCC
R2-Cj-B-16,ST-42 complex,#8FC31F,Cattle_stool,#FEF08A,None,#CCCCCC,None,#CCCCCC,None,#CCCCCC,None,#CCCCCC
B-34-1-34,ST-42 complex,#8FC31F,Cattle_stool,#FEF08A,tet(O/M/O)*,#ADFF2F,None,#CCCCCC,None,#CCCCCC,None,#CCCCCC
30-CJ-B-76-1-6,ST-42 complex,#8FC31F,Cattle_stool,#FEF08A,tet(O/M/O)*,#ADFF2F,None,#CCCCCC,None,#CCCCCC,None,#CCCCCC
R2-Cj-B-30,ST-42 complex,#8FC31F,Cattle_stool,#FEF08A,None,#CCCCCC,None,#CCCCCC,None,#CCCCCC,None,#CCCCCC
R2-Cj-C-3,ST-42 complex,#8FC31F,Chicken_stool,#0E8F8F,None,#CCCCCC,None,#CCCCCC,None,#CCCCCC,None,#CCCCCC
R2-Cj-C-1,ST-42 complex,#8FC31F,Chicken_stool,#0E8F8F,None,#CCCCCC,None,#CCCCCC,None,#CCCCCC,None,#CCCCCC
30-CJ-B-111-1-14,ST-42 complex,#8FC31F,Cattle_stool,#FEF08A,None,#CCCCCC,None,#CCCCCC,None,#CCCCCC,None,#CCCCCC
R2-Cj-B-39,ST-42 complex,#8FC31F,Cattle_stool,#FEF08A,None,#CCCCCC,None,#CCCCCC,None,#CCCCCC,None,#CCCCCC
R2-Cj-B-114,ST-42 complex,#8FC31F,Cattle_stool,#FEF08A,tet(O)*,#67991C,None,#CCCCCC,None,#CCCCCC,None,#CCCCCC
R2-Cj-B-87,ST-42 complex,#8FC31F,Cattle_stool,#FEF08A,tet(O/M/O),#ADFF2F,gyrA_T86I,#916523,None,#CCCCCC,None,#CCCCCC
30-CJ-B-72-1-5,ST-42 complex,#8FC31F,Cattle_stool,#FEF08A,None,#CCCCCC,None,#CCCCCC,None,#CCCCCC,None,#CCCCCC
R2-Cj-B-50,ST-42 complex,#8FC31F,Cattle_stool,#FEF08A,tet(O/M/O)*,#ADFF2F,None,#CCCCCC,None,#CCCCCC,None,#CCCCCC
HP12512,ST-42 complex,#8FC31F,Human,#FF0000,None,#CCCCCC,None,#CCCCCC,None,#CCCCCC,None,#CCCCCC
30-CJ-B-248-1-51,ST-42 complex,#8FC31F,Cattle_stool,#FEF08A,None,#CCCCCC,None,#CCCCCC,None,#CCCCCC,None,#CCCCCC
30-CJ-B-249-1-52,ST-42 complex,#8FC31F,Cattle_stool,#FEF08A,None,#CCCCCC,None,#CCCCCC,None,#CCCCCC,None,#CCCCCC
HP12611,ST-42 complex,#8FC31F,Human,#FF0000,None,#CCCCCC,None,#CCCCCC,None,#CCCCCC,None,#CCCCCC
30-CJ-B-236-1-46,ST-42 complex,#8FC31F,Cattle_stool,#FEF08A,None,#CCCCCC,None,#CCCCCC,None,#CCCCCC,None,#CCCCCC
R2-Cj-B-12,ST-42 complex,#8FC31F,Cattle_stool,#FEF08A,None,#CCCCCC,None,#CCCCCC,None,#CCCCCC,None,#CCCCCC
R2-Cj-B-6,ST-42 complex,#8FC31F,Cattle_stool,#FEF08A,None,#CCCCCC,None,#CCCCCC,None,#CCCCCC,None,#CCCCCC
R2-Cj-B-125,,,Cattle_stool,#FEF08A,tet(O)*,#67991C,gyrA_T86I,#916523,None,#CCCCCC,None,#CCCCCC
HP12640,,,Human,#FF0000,tet(O)*,#67991C,gyrA_T86I,#916523,None,#CCCCCC,None,#CCCCCC
R2-Cj-B-9,,,Cattle_stool,#FEF08A,tet(O)*,#67991C,gyrA_T86I,#916523,None,#CCCCCC,None,#CCCCCC
HP12606,,,Human,#FF0000,tet(O)*,#67991C,gyrA_T86I,#916523,None,#CCCCCC,None,#CCCCCC
R2-Cj-B-110,,,Cattle_stool,#FEF08A,tet(O)*,#67991C,gyrA_T86I,#916523,None,#CCCCCC,None,#CCCCCC
HP12647,ST-42 complex,#8FC31F,Human,#FF0000,tet(O)*,#67991C,gyrA_T86I,#916523,None,#CCCCCC,None,#CCCCCC
R1-Cj-C-27,ST-42 complex,#8FC31F,Chicken_stool,#0E8F8F,None,#CCCCCC,gyrA_T86I,#916523,None,#CCCCCC,None,#CCCCCC
R2-Cj-B-112,Others,#7F7F7F,Cattle_stool,#FEF08A,tet(O)*,#67991C,None,#CCCCCC,None,#CCCCCC,None,#CCCCCC
R1-Cj-B-81,Others,#7F7F7F,Cattle_stool,#FEF08A,tet(O)*,#67991C,None,#CCCCCC,None,#CCCCCC,None,#CCCCCC
R2-Cj-B-35,Others,#7F7F7F,Cattle_stool,#FEF08A,tet(O)*,#67991C,None,#CCCCCC,None,#CCCCCC,None,#CCCCCC
HP12585,Others,#7F7F7F,Human,#FF0000,tet(O)*,#67991C,None,#CCCCCC,None,#CCCCCC,None,#CCCCCC
HP12586,Others,#7F7F7F,Human,#FF0000,tet(O)*,#67991C,None,#CCCCCC,None,#CCCCCC,None,#CCCCCC
R2-Cj-B-111,Others,#7F7F7F,Cattle_stool,#FEF08A,tet(O)*,#67991C,None,#CCCCCC,None,#CCCCCC,None,#CCCCCC
R1-Cj-B-123,Others,#7F7F7F,Cattle_stool,#FEF08A,tet(O)*,#67991C,None,#CCCCCC,None,#CCCCCC,None,#CCCCCC
R2-Cj-B-88,Others,#7F7F7F,Cattle_stool,#FEF08A,tet(O)*,#67991C,None,#CCCCCC,None,#CCCCCC,None,#CCCCCC
R1-Cj-B-27,Others,#7F7F7F,Cattle_stool,#FEF08A,tet(O)*,#67991C,gyrA_T86I,#916523,None,#CCCCCC,None,#CCCCCC
R1-Cj-B-21,Others,#7F7F7F,Cattle_stool,#FEF08A,tet(O)*,#67991C,gyrA_T86I,#916523,None,#CCCCCC,None,#CCCCCC
HP12169,Others,#7F7F7F,Human,#FF0000,None,#CCCCCC,gyrA_T86I,#916523,None,#CCCCCC,None,#CCCCCC
HP12610,Others,#7F7F7F,Human,#FF0000,None,#CCCCCC,gyrA_T86I,#916523,23S_A2074C,#FF0080,None,#CCCCCC
HP12609,Others,#7F7F7F,Human,#FF0000,None,#CCCCCC,gyrA_T86I,#916523,23S_A2074C,#FF0080,None,#CCCCCC
HP12521,Others,#7F7F7F,Human,#FF0000,None,#CCCCCC,None,#CCCCCC,23S_A2074T,#FF0080,None,#CCCCCC
HP12597,Others,#7F7F7F,Human,#FF0000,None,#CCCCCC,gyrA_T86I,#916523,None,#CCCCCC,None,#CCCCCC
R2-Cj-B-93,Others,#7F7F7F,Cattle_stool,#FEF08A,None,#CCCCCC,None,#CCCCCC,None,#CCCCCC,None,#CCCCCC
HP12554,Others,#7F7F7F,Human,#FF0000,None,#CCCCCC,None,#CCCCCC,None,#CCCCCC,None,#CCCCCC
HP12555,Others,#7F7F7F,Human,#FF0000,None,#CCCCCC,None,#CCCCCC,None,#CCCCCC,None,#CCCCCC
HP12556,Others,#7F7F7F,Human,#FF0000,None,#CCCCCC,None,#CCCCCC,None,#CCCCCC,None,#CCCCCC
R1-Cj-B-35,Others,#7F7F7F,Cattle_stool,#FEF08A,None,#CCCCCC,None,#CCCCCC,None,#CCCCCC,None,#CCCCCC
R2-Cj-B-26,Others,#7F7F7F,Cattle_stool,#FEF08A,None,#CCCCCC,None,#CCCCCC,None,#CCCCCC,None,#CCCCCC
R1-Cj-C-13,Others,#7F7F7F,Chicken_stool,#0E8F8F,None,#CCCCCC,None,#CCCCCC,None,#CCCCCC,None,#CCCCCC
R2-Cj-C-26,Others,#7F7F7F,Chicken_stool,#0E8F8F,None,#CCCCCC,None,#CCCCCC,None,#CCCCCC,None,#CCCCCC
R2-Cj-C-29,Others,#7F7F7F,Chicken_stool,#0E8F8F,None,#CCCCCC,None,#CCCCCC,None,#CCCCCC,None,#CCCCCC
R2-Cj-C-54,Others,#7F7F7F,Chicken_stool,#0E8F8F,None,#CCCCCC,None,#CCCCCC,None,#CCCCCC,None,#CCCCCC
SC51,Others,#7F7F7F,Chicken_meat,#00FF00,None,#CCCCCC,None,#CCCCCC,None,#CCCCCC,None,#CCCCCC
R1-Cj-B-86,,,Cattle_stool,#FEF08A,tet(O)*,#67991C,gyrA_T86I,#916523,None,#CCCCCC,aph(3')-IIIa*,#ffc000
R2-Cj-B-123,,,Cattle_stool,#FEF08A,tet(O)*,#67991C,gyrA_T86I,#916523,None,#CCCCCC,aph(3')-IIIa*,#ffc000
R2-Cj-B-74,,,Cattle_stool,#FEF08A,tet(O)*,#67991C,gyrA_T86I,#916523,None,#CCCCCC,aph(3')-IIIa*,#ffc000
R2-Cj-B-3,,,Cattle_stool,#FEF08A,tet(O)*,#67991C,None,#CCCCCC,None,#CCCCCC,None,#CCCCCC
SC43,Others,#7F7F7F,Chicken_meat,#00FF00,None,#CCCCCC,None,#CCCCCC,None,#CCCCCC,None,#CCCCCC
HP12510,Others,#7F7F7F,Human,#FF0000,None,#CCCCCC,None,#CCCCCC,None,#CCCCCC,None,#CCCCCC
30-CJ-C-76-1-1-46,,,Chicken_stool,#0E8F8F,None,#CCCCCC,gyrA_T86I,#916523,None,#CCCCCC,None,#CCCCCC
