isolateID,ST,ST:colour,Geography,Geography:colour,Source,Source:colour,Human,Human:colour,Food,Food:colour,Animal,Animal:colour,ESBL_AmpC,ESBL_AmpC:color,Fosfomycin_gene,Fosfomycin_gene:colour,tet_gene,tet_gene:colour,Trimethoprim_gene,Trimethoprim_gene:colour,Kanamycin_gene,Kanamycin_gene:colour,Macrolide_gene,Macrolide_gene:colour
SAMN13506072,ST15,#BC5090,North America,#EEF8A3,food,#00FF00,,,,,,,0,#CCCCCC,fosA7,#00FFFF,tet(B),#ADFF2F,None,#CCCCCC,None,#CCCCCC,None,#CCCCCC
SAMN17079977,ST15,#BC5090,North America,#EEF8A3,animal,#0023E9,,,,,,,0,#CCCCCC,fosA7,#00FFFF,tet(B),#ADFF2F,None,#CCCCCC,aph(3')-Ia,#00965C,None,#CCCCCC
SAMN09702895,ST15,#BC5090,North America,#EEF8A3,food,#00FF00,,,,,,,0,#CCCCCC,fosA7,#00FFFF,tet(B),#ADFF2F,None,#CCCCCC,aph(3')-Ia,#00965C,None,#CCCCCC
SAMN08638974,ST15,#BC5090,North America,#EEF8A3,human,#FF0000,,,,,,,0,#CCCCCC,fosA7,#00FFFF,tet(B),#ADFF2F,None,#CCCCCC,aph(3')-Ia,#00965C,None,#CCCCCC
SAMN17486954,ST15,#BC5090,North America,#EEF8A3,food,#00FF00,,,,,,,blaCMY-2,#8000FF,fosA7,#00FFFF,tet(B),#ADFF2F,None,#CCCCCC,None,#CCCCCC,None,#CCCCCC
SAMN13294960,ST15,#BC5090,North America,#EEF8A3,food,#00FF00,,,,,,,0,#CCCCCC,fosA7,#00FFFF,tet(B),#ADFF2F,None,#CCCCCC,None,#CCCCCC,None,#CCCCCC
SAMN14360276,ST15,#BC5090,North America,#EEF8A3,food,#00FF00,,,,,,,blaCMY-2,#8000FF,fosA7,#00FFFF,tet(B),#ADFF2F,None,#CCCCCC,None,#CCCCCC,None,#CCCCCC
SAMN32618645,ST15,#BC5090,North America,#EEF8A3,animal,#0023E9,,,,,,,blaCMY-2,#8000FF,fosA7,#00FFFF,"tet(A),tet(B)",#FF0080,dfrA1,#FF0080,"aph(3')-IIa,aph(3')-Ia",#922E23,"mph(E),msr(E)",#FF0080
SAMN32171776,ST15,#BC5090,North America,#EEF8A3,food,#00FF00,,,,,,,blaCMY-2,#8000FF,fosA7,#00FFFF,"tet(A),tet(B)",#FF0080,dfrA1,#FF0080,aph(3')-IIa,#60FA00,"mph(E),msr(E)",#FF0080
SAMN18408852,ST15,#BC5090,North America,#EEF8A3,food,#00FF00,,,,,,,0,#CCCCCC,fosA7,#00FFFF,"tet(A),tet(B)",#FF0080,None,#CCCCCC,aph(3')-IIa,#60FA00,None,#CCCCCC
SAMN33211679,ST15,#BC5090,North America,#EEF8A3,food,#00FF00,,,,,,,blaCMY-2,#8000FF,fosA7,#00FFFF,"tet(A),tet(B)",#FF0080,dfrA1,#FF0080,aph(3')-IIa,#60FA00,"mph(E),msr(E)",#FF0080
SAMN13746574,ST15,#BC5090,North America,#EEF8A3,food,#00FF00,,,,,,,blaCMY-2,#8000FF,fosA7,#00FFFF,tet(A),#67991C,dfrA1,#FF0080,None,#CCCCCC,"mph(E),msr(E)",#FF0080
SAMN08127238,ST15,#BC5090,North America,#EEF8A3,human,#FF0000,,,,,,,0,#CCCCCC,fosA7,#00FFFF,tet(B),#ADFF2F,None,#CCCCCC,aph(3')-IIa,#60FA00,erm(B),#FF0080
SAMN16562940,ST15,#BC5090,North America,#EEF8A3,human,#FF0000,,,,,,,0,#CCCCCC,fosA7,#00FFFF,tet(B),#ADFF2F,None,#CCCCCC,aph(3')-IIa,#60FA00,None,#CCCCCC
SAMN31273749,ST15,#BC5090,North America,#EEF8A3,animal,#0023E9,,,,,,,0,#CCCCCC,fosA7,#00FFFF,tet(B),#ADFF2F,None,#CCCCCC,aph(3')-IIa,#60FA00,None,#CCCCCC
SAMN12100618,ST15,#BC5090,North America,#EEF8A3,food,#00FF00,,,,,,,0,#CCCCCC,fosA7,#00FFFF,tet(B),#ADFF2F,None,#CCCCCC,aph(3')-IIa,#60FA00,None,#CCCCCC
SAMN22781213,ST15,#BC5090,North America,#EEF8A3,animal,#0023E9,,,,,,,0,#CCCCCC,fosA7,#00FFFF,tet(B),#ADFF2F,None,#CCCCCC,aph(3')-IIa,#60FA00,None,#CCCCCC
SAMN18636679,ST15,#BC5090,North America,#EEF8A3,food,#00FF00,,,,,,,blaCMY-2,#8000FF,fosA7,#00FFFF,"tet(A),tet(D),tet(M)",#FF0080,dfrA19,#FF0080,"aph(3')-Ia,aph(3')-Ia^",#00965C,ere(A)^,#FF0080
SAMN23708079,ST15,#BC5090,North America,#EEF8A3,human,#FF0000,,,,,,,0,#CCCCCC,fosA7^,#00FFFF,tet(B),#ADFF2F,None,#CCCCCC,aph(3')-IIa,#60FA00,None,#CCCCCC
SAMN32112106,ST15,#BC5090,North America,#EEF8A3,animal,#0023E9,,,,,,,0,#CCCCCC,fosA7^,#00FFFF,tet(B),#ADFF2F,None,#CCCCCC,aph(3')-IIa,#60FA00,None,#CCCCCC
SAMN36978206,ST15,#BC5090,North America,#EEF8A3,food,#00FF00,,,,,,,0,#CCCCCC,fosA7^,#00FFFF,tet(B),#ADFF2F,None,#CCCCCC,aph(3')-IIa,#60FA00,None,#CCCCCC
SAMN14944015,ST15,#BC5090,North America,#EEF8A3,food,#00FF00,,,,,,,0,#CCCCCC,fosA7^,#00FFFF,tet(B),#ADFF2F,None,#CCCCCC,aph(3')-IIa,#60FA00,None,#CCCCCC
SAMN42057597,ST15,#BC5090,North America,#EEF8A3,animal,#00FF00,,,,,,,0,#CCCCCC,fosA7^,#00FFFF,tet(B),#ADFF2F,None,#CCCCCC,aph(3')-IIa,#60FA00,None,#CCCCCC
SAMN31746606,ST15,#BC5090,North America,#EEF8A3,food,#00FF00,,,,,,,0,#CCCCCC,fosA7^,#00FFFF,tet(B),#ADFF2F,None,#CCCCCC,aph(3')-IIa,#60FA00,None,#CCCCCC
SAMN12768399,ST15,#BC5090,North America,#EEF8A3,animal,#0023E9,,,,,,,0,#CCCCCC,fosA7^,#00FFFF,tet(B),#ADFF2F,None,#CCCCCC,aph(3')-IIa,#60FA00,None,#CCCCCC
SAMN32542809,ST15,#BC5090,North America,#EEF8A3,animal,#0023E9,,,,,,,0,#CCCCCC,fosA7^,#00FFFF,tet(B),#ADFF2F,None,#CCCCCC,"aph(3')-IIa,aph(3')-Ia",#922E23,None,#CCCCCC
SAMN20153892,ST15,#BC5090,North America,#EEF8A3,food,#00FF00,,,,,,,0,#CCCCCC,fosA7^,#00FFFF,tet(B),#ADFF2F,None,#CCCCCC,aph(3')-IIa,#60FA00,None,#CCCCCC
SAMN09284853,ST15,#BC5090,North America,#EEF8A3,food,#00FF00,,,,,,,0,#CCCCCC,fosA7^,#00FFFF,tet(B),#ADFF2F,None,#CCCCCC,aph(3')-IIa,#60FA00,None,#CCCCCC
SAMN12821702,ST15,#BC5090,North America,#EEF8A3,animal,#0023E9,,,,,,,blaCMY-2,#8000FF,fosA7^,#00FFFF,tet(B),#ADFF2F,None,#CCCCCC,aph(3')-IIa,#60FA00,None,#CCCCCC
SAMN12910455,ST15,#BC5090,North America,#EEF8A3,food,#00FF00,,,,,,,blaCMY-2,#8000FF,fosA7^,#00FFFF,tet(B),#ADFF2F,None,#CCCCCC,aph(3')-IIa,#60FA00,None,#CCCCCC
SAMN08226092,ST15,#BC5090,North America,#EEF8A3,human,#FF0000,,,,,,,0,#CCCCCC,fosA7^,#00FFFF,tet(B),#ADFF2F,None,#CCCCCC,aph(3')-IIa,#60FA00,None,#CCCCCC
SAMN13923426,ST15,#BC5090,North America,#EEF8A3,food,#00FF00,,,,,,,0,#CCCCCC,fosA7^,#00FFFF,tet(B),#ADFF2F,None,#CCCCCC,aph(3')-IIa,#60FA00,None,#CCCCCC
SAMN14057046,ST15,#BC5090,North America,#EEF8A3,food,#00FF00,,,,,,,blaCMY-2,#8000FF,fosA7^,#00FFFF,tet(B),#ADFF2F,None,#CCCCCC,aph(3')-IIa,#60FA00,None,#CCCCCC
SAMN39331376,ST15,#BC5090,North America,#EEF8A3,human,#FF0000,,,,,,,0,#CCCCCC,fosA7^,#00FFFF,tet(B),#ADFF2F,None,#CCCCCC,aph(3')-IIa,#60FA00,None,#CCCCCC
SAMN09101803,ST15,#BC5090,North America,#EEF8A3,animal,#0023E9,,,,,,,0,#CCCCCC,fosA7^,#00FFFF,tet(B),#ADFF2F,None,#CCCCCC,aph(3')-IIa,#60FA00,None,#CCCCCC
SAMN42057596,ST15,#BC5090,North America,#EEF8A3,animal,#0023E9,,,,,,,blaCMY-2,#8000FF,fosA7^,#00FFFF,"tet(A),tet(B)",#FF0080,dfrA12,#78BCFF,aph(3')-IIa,#60FA00,"mph(E),msr(E)",#FF0080
SAMN08967101,ST15,#BC5090,North America,#EEF8A3,animal,#0023E9,,,,,,,0,#CCCCCC,fosA7^,#00FFFF,tet(B),#ADFF2F,None,#CCCCCC,aph(3')-IIa,#60FA00,None,#CCCCCC
SAMN13944348,ST15,#BC5090,North America,#EEF8A3,food,#00FF00,,,,,,,0,#CCCCCC,fosA7,#00FFFF,tet(B),#ADFF2F,None,#CCCCCC,aph(3')-IIa,#60FA00,None,#CCCCCC
SAMN07184380,ST15,#BC5090,North America,#EEF8A3,human,#FF0000,,,,,,,blaCMY-2,#8000FF,fosA7,#00FFFF,tet(B),#ADFF2F,None,#CCCCCC,aph(3')-IIa,#60FA00,None,#CCCCCC
SAMN06806017,ST15,#BC5090,North America,#EEF8A3,human,#FF0000,,,,,,,0,#CCCCCC,fosA7,#00FFFF,tet(B),#ADFF2F,None,#CCCCCC,aph(3')-IIa,#60FA00,None,#CCCCCC
SAMN27149772,ST15,#BC5090,North America,#EEF8A3,human,#FF0000,,,,,,,0,#CCCCCC,fosA7,#00FFFF,tet(B),#ADFF2F,None,#CCCCCC,aph(3')-IIa,#60FA00,None,#CCCCCC
SAMN11320799,ST15,#BC5090,North America,#EEF8A3,animal,#0023E9,,,,,,,0,#CCCCCC,fosA7,#00FFFF,tet(B),#ADFF2F,None,#CCCCCC,aph(3')-IIa,#60FA00,None,#CCCCCC
SAMN08799039,ST15,#BC5090,North America,#EEF8A3,food,#00FF00,,,,,,,0,#CCCCCC,fosA7,#00FFFF,None,#CCCCCC,None,#CCCCCC,None,#CCCCCC,None,#CCCCCC
SAMN32417244,ST15,#BC5090,North America,#EEF8A3,human,#FF0000,,,,,,,0,#CCCCCC,fosA7,#00FFFF,None,#CCCCCC,None,#CCCCCC,None,#CCCCCC,None,#CCCCCC
SAMN08480844,ST15,#BC5090,North America,#EEF8A3,human,#FF0000,,,,,,,blaCMY-2,#8000FF,fosA7,#00FFFF,tet(B),#ADFF2F,None,#CCCCCC,None,#CCCCCC,None,#CCCCCC
SAMN08566111,ST15,#BC5090,North America,#EEF8A3,food,#00FF00,,,,,,,0,#CCCCCC,fosA7,#00FFFF,None,#CCCCCC,None,#CCCCCC,None,#CCCCCC,None,#CCCCCC
SAMN31327871,ST15,#BC5090,North America,#EEF8A3,animal,#0023E9,,,,,,,0,#CCCCCC,fosA7,#00FFFF,tet(A),#67991C,dfrA12,#78BCFF,None,#CCCCCC,None,#CCCCCC
SAMN12993846,ST15,#BC5090,North America,#EEF8A3,human,#FF0000,,,,,,,0,#CCCCCC,fosA7,#00FFFF,None,#CCCCCC,None,#CCCCCC,None,#CCCCCC,None,#CCCCCC
SAMN08384068,ST15,#BC5090,North America,#EEF8A3,food,#00FF00,,,,,,,0,#CCCCCC,fosA7,#00FFFF,None,#CCCCCC,None,#CCCCCC,None,#CCCCCC,None,#CCCCCC
SAMN08929369,ST15,#BC5090,North America,#EEF8A3,food,#00FF00,,,,,,,0,#CCCCCC,fosA7,#00FFFF,None,#CCCCCC,None,#CCCCCC,None,#CCCCCC,None,#CCCCCC
SAMN18673212,ST15,#BC5090,North America,#EEF8A3,human,#FF0000,,,,,,,0,#CCCCCC,fosA7,#00FFFF,None,#CCCCCC,None,#CCCCCC,None,#CCCCCC,None,#CCCCCC
SAMN30636178,ST15,#BC5090,North America,#EEF8A3,food,#00FF00,,,,,,,0,#CCCCCC,fosA7,#00FFFF,None,#CCCCCC,None,#CCCCCC,None,#CCCCCC,None,#CCCCCC
SAMN11191669,ST15,#BC5090,North America,#EEF8A3,animal,#0023E9,,,,,,,0,#CCCCCC,fosA7,#00FFFF,None,#CCCCCC,None,#CCCCCC,None,#CCCCCC,None,#CCCCCC
SAMN13474564,ST15,#BC5090,North America,#EEF8A3,animal,#0023E9,,,,,,,0,#CCCCCC,fosA7,#00FFFF,None,#CCCCCC,None,#CCCCCC,None,#CCCCCC,None,#CCCCCC
SAMN32544708,ST15,#BC5090,,,human,#FF0000,,,,,,,0,#CCCCCC,fosA7,#00FFFF,None,#CCCCCC,None,#CCCCCC,None,#CCCCCC,None,#CCCCCC
SAMN38156102,ST15,#BC5090,North America,#EEF8A3,Food,#00FF00,,,,,,,0,#CCCCCC,fosA7,#00FFFF,None,#CCCCCC,None,#CCCCCC,None,#CCCCCC,None,#CCCCCC
SAMN42157168,ST15,#BC5090,North America,#EEF8A3,food,#FF0000,,,,,,,0,#CCCCCC,fosA7,#00FFFF,None,#CCCCCC,None,#CCCCCC,None,#CCCCCC,None,#CCCCCC
SAMN20253306,ST15,#BC5090,,,human,#FF0000,,,,,,,0,#CCCCCC,fosA7,#00FFFF,tet(B),#ADFF2F,None,#CCCCCC,aph(3')-IIa,#60FA00,None,#CCCCCC
SAMN09479611,ST15,#BC5090,North America,#EEF8A3,food,#00FF00,,,,,,,0,#CCCCCC,fosA7,#00FFFF,tet(B),#ADFF2F,None,#CCCCCC,aph(3')-IIa,#60FA00,None,#CCCCCC
SAMN40206121,ST15,#BC5090,North America,#EEF8A3,human,#FF0000,,,,,,,0,#CCCCCC,fosA7,#00FFFF,tet(B),#ADFF2F,None,#CCCCCC,aph(3')-IIa,#60FA00,None,#CCCCCC
SAMN09784421,ST15,#BC5090,North America,#EEF8A3,animal,#0023E9,,,,,,,0,#CCCCCC,fosA7,#00FFFF,tet(B),#ADFF2F,None,#CCCCCC,aph(3')-IIa,#60FA00,None,#CCCCCC
SAMN13696373,ST15,#BC5090,Europe,#A1D9A4,food,#00FF00,,,,,,,blaCTX-M-2,#FFA500,fosA7,#00FFFF,tet(A),#67991C,None,#CCCCCC,None,#CCCCCC,mph(B),#FF0080
SAMN19814468,ST15,#BC5090,Europe,#A1D9A4,food,#00FF00,,,,,,,"blaCTX-M-2,blaCTX-M-55",#FFA500,fosA7,#00FFFF,tet(A),#67991C,None,#CCCCCC,None,#CCCCCC,mph(B),#FF0080
SAMN13696398,ST15,#BC5090,Europe,#A1D9A4,food,#00FF00,,,,,,,blaCTX-M-2,#FFA500,fosA7,#00FFFF,tet(A),#67991C,None,#CCCCCC,None,#CCCCCC,mph(B),#FF0080
SAMN16729102,ST15,#BC5090,Europe,#A1D9A4,human,#FF0000,,,,,,,0,#CCCCCC,fosA7,#00FFFF,tet(A),#67991C,None,#CCCCCC,None,#CCCCCC,mph(B),#FF0080
SAMN39105110,ST15,#BC5090,Asia/Middle East,#E4524A,food,#FF0000,,,,,,,0,#CCCCCC,fosA7,#00FFFF,tet(A),#67991C,None,#CCCCCC,None,#CCCCCC,mph(B),#FF0080
SAMN17086466,ST15,#BC5090,Europe,#A1D9A4,food,#00FF00,,,,,,,blaCTX-M-2,#FFA500,fosA7,#00FFFF,tet(A),#67991C,None,#CCCCCC,None,#CCCCCC,mph(B),#FF0080
SAMN10857353,ST15,#BC5090,Europe,#A1D9A4,food,#00FF00,,,,,,,blaCTX-M-2,#FFA500,fosA7,#00FFFF,tet(A),#67991C,None,#CCCCCC,None,#CCCCCC,mph(B),#FF0080
SAMN10389275,ST15,#BC5090,Europe,#A1D9A4,food,#00FF00,,,,,,,0,#CCCCCC,fosA7^,#00FFFF,tet(A),#67991C,None,#CCCCCC,None,#CCCCCC,None,#CCCCCC
SAMN10767243,ST15,#BC5090,Europe,#A1D9A4,food,#00FF00,,,,,,,0,#CCCCCC,fosA7,#00FFFF,tet(A),#67991C,None,#CCCCCC,None,#CCCCCC,None,#CCCCCC
SAMN10737134,ST15,#BC5090,Europe,#A1D9A4,food,#00FF00,,,,,,,0,#CCCCCC,fosA7,#00FFFF,tet(A),#67991C,None,#CCCCCC,None,#CCCCCC,None,#CCCCCC
SAMN10817139,ST15,#BC5090,Europe,#A1D9A4,human,#FF0000,,,,,,,blaCMY-2,#8000FF,fosA7,#00FFFF,tet(A),#67991C,None,#CCCCCC,None,#CCCCCC,mph(B),#FF0080
SAMN09684033,ST15,#BC5090,Europe,#A1D9A4,food,#00FF00,,,,,,,blaCMY-2,#8000FF,fosA7,#00FFFF,tet(A),#67991C,None,#CCCCCC,None,#CCCCCC,mph(B),#FF0080
SAMN09634205,ST15,#BC5090,Europe,#A1D9A4,food,#00FF00,,,,,,,0,#CCCCCC,fosA7,#00FFFF,tet(A),#67991C,None,#CCCCCC,None,#CCCCCC,mph(B),#FF0080
SAMN09637666,ST15,#BC5090,Europe,#A1D9A4,food,#00FF00,,,,,,,blaCMY-2,#8000FF,fosA7,#00FFFF,tet(A),#67991C,dfrA1,#FF0080,None,#CCCCCC,None,#CCCCCC
SAMN07179512,ST15,#BC5090,Europe,#A1D9A4,food,#00FF00,,,,,,,blaCMY-2,#8000FF,fosA7,#00FFFF,tet(A),#67991C,dfrA1,#FF0080,None,#CCCCCC,None,#CCCCCC
SAMN07155783,ST15,#BC5090,Europe,#A1D9A4,food,#00FF00,,,,,,,blaCMY-94,#8000FF,fosA7,#00FFFF,tet(A),#67991C,dfrA1,#FF0080,None,#CCCCCC,None,#CCCCCC
SAMN10661662,others,#7F7F7F,Europe,#A1D9A4,food,#00FF00,,,,,,,0,#CCCCCC,fosA7,#00FFFF,tet(A),#67991C,None,#CCCCCC,None,#CCCCCC,None,#CCCCCC
SAMN10407554,others,#7F7F7F,Europe,#A1D9A4,food,#00FF00,,,,,,,0,#CCCCCC,fosA7,#00FFFF,tet(A)^,#67991C,None,#CCCCCC,None,#CCCCCC,None,#CCCCCC
SAMN10370096,ST15,#BC5090,Europe,#A1D9A4,food,#00FF00,,,,,,,0,#CCCCCC,fosA7,#00FFFF,tet(A)^,#67991C,None,#CCCCCC,None,#CCCCCC,None,#CCCCCC
SAMN07155817,ST15,#BC5090,Europe,#A1D9A4,food,#00FF00,,,,,,,0,#CCCCCC,fosA7,#00FFFF,tet(A),#67991C,None,#CCCCCC,None,#CCCCCC,mph(B),#FF0080
SAMN09658720,ST15,#BC5090,Europe,#A1D9A4,food,#00FF00,,,,,,,blaCMY-2,#8000FF,fosA7,#00FFFF,tet(A),#67991C,None,#CCCCCC,None,#CCCCCC,None,#CCCCCC
SAMN09637781,ST15,#BC5090,Europe,#A1D9A4,food,#00FF00,,,,,,,blaCTX-M-8,#FFA500,fosA7,#00FFFF,tet(A),#67991C,None,#CCCCCC,None,#CCCCCC,None,#CCCCCC
SAMN07155514,ST15,#BC5090,Europe,#A1D9A4,food,#00FF00,,,,,,,0,#CCCCCC,fosA7,#00FFFF,tet(A),#67991C,None,#CCCCCC,None,#CCCCCC,None,#CCCCCC
SAMN10080177,ST15,#BC5090,Europe,#A1D9A4,food,#00FF00,,,,,,,0,#CCCCCC,fosA7,#00FFFF,tet(A),#67991C,dfrA8,#FF0080,None,#CCCCCC,None,#CCCCCC
SAMN10640708,ST15,#BC5090,Europe,#A1D9A4,food,#00FF00,,,,,,,0,#CCCCCC,fosA7,#00FFFF,tet(A),#67991C,dfrA8,#FF0080,None,#CCCCCC,None,#CCCCCC
SAMN09651992,ST15,#BC5090,Europe,#A1D9A4,food,#00FF00,,,,,,,blaCMY-2,#8000FF,fosA7,#00FFFF,tet(A),#67991C,None,#CCCCCC,None,#CCCCCC,None,#CCCCCC
1712081,ST15,#BC5090,Japan,#5E4FA2,food,#00FF00,None,#CCCCCC,f_import chicken,#FFF100,None,#CCCCCC,0,#CCCCCC,fosA7,#00FFFF,tet(A),#67991C,None,#CCCCCC,None,#CCCCCC,None,#CCCCCC
1712086,ST15,#BC5090,Japan,#5E4FA2,food,#00FF00,None,#CCCCCC,f_import chicken,#FFF100,None,#CCCCCC,blaCMY-2,#8000FF,fosA7,#00FFFF,tet(A),#67991C,None,#CCCCCC,None,#CCCCCC,None,#CCCCCC
1712084,ST15,#BC5090,Japan,#5E4FA2,food,#00FF00,None,#CCCCCC,f_import chicken,#FFF100,None,#CCCCCC,blaCMY-2,#8000FF,fosA7,#00FFFF,tet(A),#67991C,None,#CCCCCC,None,#CCCCCC,None,#CCCCCC
SAMEA14452843,ST15,#BC5090,Africa,#00A4BD,food,#00FF00,,,,,,,blaCMY-2,#8000FF,fosA7,#00FFFF,tet(A),#67991C,None,#CCCCCC,None,#CCCCCC,None,#CCCCCC
1812018,ST15,#BC5090,Japan,#5E4FA2,food,#00FF00,None,#CCCCCC,f_import chicken,#FFF100,None,#CCCCCC,0,#CCCCCC,fosA7,#00FFFF,tet(A),#67991C,None,#CCCCCC,None,#CCCCCC,None,#CCCCCC
SAMN09634588,ST15,#BC5090,Europe,#A1D9A4,food,#00FF00,,,,,,,0,#CCCCCC,fosA7,#00FFFF,tet(A),#67991C,None,#CCCCCC,None,#CCCCCC,None,#CCCCCC
1812077,ST15,#BC5090,Japan,#5E4FA2,food,#00FF00,None,#CCCCCC,f_import chicken,#FFF100,None,#CCCCCC,blaCMY-2,#8000FF,fosA7,#00FFFF,tet(A),#67991C,None,#CCCCCC,None,#CCCCCC,None,#CCCCCC
1812078,ST15,#BC5090,Japan,#5E4FA2,food,#00FF00,None,#CCCCCC,f_import chicken,#FFF100,None,#CCCCCC,blaCMY-2,#8000FF,fosA7,#00FFFF,tet(A),#67991C,None,#CCCCCC,None,#CCCCCC,None,#CCCCCC
SAMN12375502,ST15,#BC5090,Europe,#A1D9A4,food,#00FF00,,,,,,,blaCMY-2,#8000FF,fosA7,#00FFFF,tet(A),#67991C,None,#CCCCCC,None,#CCCCCC,None,#CCCCCC
SAMN09637590,ST15,#BC5090,Europe,#A1D9A4,food,#00FF00,,,,,,,blaCMY-2,#8000FF,fosA7,#00FFFF,tet(A),#67991C,None,#CCCCCC,None,#CCCCCC,None,#CCCCCC
SAMEA114316837,ST15,#BC5090,Africa,#00A4BD,human,#FF0000,,,,,,,0,#CCCCCC,fosA7,#00FFFF,tet(A),#67991C,None,#CCCCCC,None,#CCCCCC,None,#CCCCCC
1812076,ST15,#BC5090,Japan,#5E4FA2,food,#00FF00,None,#CCCCCC,f_import chicken,#FFF100,None,#CCCCCC,blaCMY-2,#8000FF,fosA7,#00FFFF,tet(A),#67991C,None,#CCCCCC,None,#CCCCCC,None,#CCCCCC
1912084,ST15,#BC5090,Japan,#5E4FA2,food,#00FF00,None,#CCCCCC,f_domestic chicken,#00FF00,None,#CCCCCC,blaCMY-2,#8000FF,fosA7,#00FFFF,tet(A),#67991C,None,#CCCCCC,None,#CCCCCC,None,#CCCCCC
1811011,ST15,#BC5090,Japan,#5E4FA2,human,#FF0000,h_unknown,#F5B090,None,#CCCCCC,None,#CCCCCC,blaCMY-2,#8000FF,fosA7,#00FFFF,tet(A),#67991C,dfrA14,#125699,None,#CCCCCC,None,#CCCCCC
2012017,ST15,#BC5090,Japan,#5E4FA2,food,#00FF00,None,#CCCCCC,f_import chicken,#FFF100,None,#CCCCCC,blaCMY-2,#8000FF,fosA7,#00FFFF,tet(A),#67991C,None,#CCCCCC,None,#CCCCCC,None,#CCCCCC
1912022,ST15,#BC5090,Japan,#5E4FA2,food,#00FF00,None,#CCCCCC,f_import chicken,#FFF100,None,#CCCCCC,0,#CCCCCC,fosA7,#00FFFF,tet(A),#67991C,None,#CCCCCC,None,#CCCCCC,None,#CCCCCC
SAMN09666427,ST15,#BC5090,Europe,#A1D9A4,food,#00FF00,,,,,,,blaCMY-2,#8000FF,fosA7,#00FFFF,tet(A),#67991C,dfrA1,#FF0080,None,#CCCCCC,None,#CCCCCC
1912012,ST15,#BC5090,Japan,#5E4FA2,food,#00FF00,None,#CCCCCC,f_chicken meat with unknown origin,#00ADA9,None,#CCCCCC,blaCMY-2,#8000FF,fosA7,#00FFFF,tet(A),#67991C,None,#CCCCCC,None,#CCCCCC,None,#CCCCCC
SAMN29269608,ST15,#BC5090,Europe,#A1D9A4,food,#00FF00,,,,,,,"blaCTX-M-55,blaCMY-2",#FF0080,fosA7,#00FFFF,tet(A),#67991C,None,#CCCCCC,None,#CCCCCC,None,#CCCCCC
SAMN12009346,ST15,#BC5090,Europe,#A1D9A4,human,#FF0000,,,,,,,blaCMY-2,#8000FF,fosA7,#00FFFF,tet(A),#67991C,None,#CCCCCC,None,#CCCCCC,None,#CCCCCC
SAMN41453099,ST15,#BC5090,Europe,#A1D9A4,food,#FF0000,,,,,,,0,#CCCCCC,fosA7,#00FFFF,None,#CCCCCC,None,#CCCCCC,None,#CCCCCC,None,#CCCCCC
SAMN10438543,ST15,#BC5090,Europe,#A1D9A4,food,#00FF00,,,,,,,0,#CCCCCC,fosA7,#00FFFF,tet(A),#67991C,None,#CCCCCC,None,#CCCCCC,mph(B),#FF0080
1712079,ST15,#BC5090,Japan,#5E4FA2,food,#00FF00,None,#CCCCCC,f_import chicken,#FFF100,None,#CCCCCC,blaCTX-M-2,#FFA500,fosA7,#00FFFF,tet(A),#67991C,None,#CCCCCC,None,#CCCCCC,None,#CCCCCC
SAMN41998650,ST15,#BC5090,Europe,#A1D9A4,food,#0023E9,,,,,,,blaCTX-M-2,#FFA500,fosA7,#00FFFF,tet(A),#67991C,None,#CCCCCC,None,#CCCCCC,None,#CCCCCC
SAMN10438553,ST15,#BC5090,Europe,#A1D9A4,food,#00FF00,,,,,,,0,#CCCCCC,fosA7,#00FFFF,tet(A),#67991C,None,#CCCCCC,None,#CCCCCC,None,#CCCCCC
SAMN09534633,ST15,#BC5090,Europe,#A1D9A4,human,#FF0000,,,,,,,"blaCTX-M-2,blaCTX-M-55",#FFA500,fosA7,#00FFFF,tet(A),#67991C,None,#CCCCCC,None,#CCCCCC,None,#CCCCCC
SAMN07155626,ST15,#BC5090,Europe,#A1D9A4,food,#00FF00,,,,,,,blaCTX-M-2,#FFA500,fosA7,#00FFFF,tet(A),#67991C,None,#CCCCCC,None,#CCCCCC,None,#CCCCCC
SAMN12250487,ST15,#BC5090,Europe,#A1D9A4,food,#00FF00,,,,,,,blaCMY-2,#8000FF,fosA7,#00FFFF,tet(A),#67991C,None,#CCCCCC,None,#CCCCCC,None,#CCCCCC
SAMN16989640,ST15,#BC5090,Europe,#A1D9A4,food,#00FF00,,,,,,,blaCMY-2,#8000FF,fosA7,#00FFFF,tet(A),#67991C,None,#CCCCCC,None,#CCCCCC,mph(B),#FF0080
SAMN07155792,ST15,#BC5090,Europe,#A1D9A4,food,#00FF00,,,,,,,blaCMY-2^,#8000FF,fosA7,#00FFFF,tet(A),#67991C,None,#CCCCCC,None,#CCCCCC,None,#CCCCCC
SAMN10080379,ST15,#BC5090,Europe,#A1D9A4,food,#00FF00,,,,,,,"blaCTX-M-2,blaCMY-2",#FF0080,fosA7,#00FFFF,tet(A),#67991C,None,#CCCCCC,None,#CCCCCC,None,#CCCCCC
SAMN21389188,ST15,#BC5090,Europe,#A1D9A4,food,#00FF00,,,,,,,blaCMY-2,#8000FF,fosA7,#00FFFF,tet(A),#67991C,None,#CCCCCC,None,#CCCCCC,None,#CCCCCC
SAMN10087003,ST15,#BC5090,Europe,#A1D9A4,food,#00FF00,,,,,,,blaCMY-2,#8000FF,fosA7,#00FFFF,tet(A),#67991C,None,#CCCCCC,aph(3')-Ia,#00965C,None,#CCCCCC
SAMN09661884,ST15,#BC5090,Europe,#A1D9A4,food,#00FF00,,,,,,,blaCMY-2,#8000FF,fosA7,#00FFFF,tet(A),#67991C,None,#CCCCCC,None,#CCCCCC,None,#CCCCCC
SAMN13354169,ST15,#BC5090,Europe,#A1D9A4,food,#00FF00,,,,,,,blaCTX-M-2,#FFA500,fosA7,#00FFFF,tet(A),#67991C,None,#CCCCCC,None,#CCCCCC,None,#CCCCCC
SAMN17086577,ST15,#BC5090,Europe,#A1D9A4,food,#00FF00,,,,,,,"blaCTX-M-2,blaCMY-2",#FF0080,fosA7,#00FFFF,tet(A),#67991C,None,#CCCCCC,None,#CCCCCC,mph(B),#FF0080
SAMN17086459,ST15,#BC5090,Europe,#A1D9A4,food,#00FF00,,,,,,,blaCMY-2,#8000FF,fosA7,#00FFFF,tet(A),#67991C,None,#CCCCCC,None,#CCCCCC,None,#CCCCCC
SAMN08386975,ST15,#BC5090,South America,#FDE999,animal,#0023E9,,,,,,,blaCMY-2,#8000FF,fosA7,#00FFFF,tet(A),#67991C,None,#CCCCCC,None,#CCCCCC,None,#CCCCCC
SAMN08387116,ST15,#BC5090,South America,#FDE999,animal,#0023E9,,,,,,,blaCMY-2,#8000FF,fosA7,#00FFFF,tet(A),#67991C,None,#CCCCCC,None,#CCCCCC,None,#CCCCCC
SAMN19676614,ST15,#BC5090,Europe,#A1D9A4,food,#00FF00,,,,,,,"blaCTX-M-2^,blaCMY-2",#FF0080,fosA7,#00FFFF,tet(A),#67991C,None,#CCCCCC,None,#CCCCCC,None,#CCCCCC
SAMEA5737706,ST15,#BC5090,Europe,#A1D9A4,food,#00FF00,,,,,,,blaCMY-2,#8000FF,fosA7,#00FFFF,tet(A),#67991C,None,#CCCCCC,aph(3')-Ia,#00965C,None,#CCCCCC
1812026,ST15,#BC5090,Japan,#5E4FA2,food,#00FF00,None,#CCCCCC,f_import chicken,#FFF100,None,#CCCCCC,0,#CCCCCC,fosA7,#00FFFF,tet(A),#67991C,None,#CCCCCC,None,#CCCCCC,None,#CCCCCC
1712083,ST15,#BC5090,Japan,#5E4FA2,food,#00FF00,None,#CCCCCC,f_import chicken,#FFF100,None,#CCCCCC,blaCMY-2,#8000FF,fosA7,#00FFFF,tet(A),#67991C,None,#CCCCCC,None,#CCCCCC,None,#CCCCCC
SAMEA7540907,ST15,#BC5090,Europe,#A1D9A4,human,#FF0000,,,,,,,blaCMY-2,#8000FF,fosA7,#00FFFF,tet(A),#67991C,None,#CCCCCC,None,#CCCCCC,None,#CCCCCC
SAMN10599958,ST15,#BC5090,Europe,#A1D9A4,food,#00FF00,,,,,,,"blaSHV-2A,blaCMY-2",#FF0080,fosA7,#00FFFF,tet(A),#67991C,None,#CCCCCC,None,#CCCCCC,None,#CCCCCC
SAMN09849946,ST15,#BC5090,North America,#EEF8A3,food,#00FF00,,,,,,,blaCMY-2,#8000FF,fosA7,#00FFFF,None,#CCCCCC,None,#CCCCCC,None,#CCCCCC,None,#CCCCCC
SAMN16972385,ST15,#BC5090,North America,#EEF8A3,human,#FF0000,,,,,,,blaCMY-2,#8000FF,fosA7,#00FFFF,tet(A),#67991C,None,#CCCCCC,None,#CCCCCC,None,#CCCCCC
SAMN10291160,ST15,#BC5090,North America,#EEF8A3,food,#00FF00,,,,,,,0,#CCCCCC,fosA7,#00FFFF,None,#CCCCCC,None,#CCCCCC,None,#CCCCCC,None,#CCCCCC
SAMN11320677,ST15,#BC5090,North America,#EEF8A3,food,#00FF00,,,,,,,blaCMY-2^,#8000FF,fosA7,#00FFFF,None,#CCCCCC,None,#CCCCCC,None,#CCCCCC,None,#CCCCCC
SAMN16915368,ST15,#BC5090,North America,#EEF8A3,human,#FF0000,,,,,,,0,#CCCCCC,fosA7,#00FFFF,tet(A),#67991C,None,#CCCCCC,None,#CCCCCC,None,#CCCCCC
SAMN25153853,ST15,#BC5090,North America,#EEF8A3,human,#FF0000,,,,,,,0,#CCCCCC,fosA7,#00FFFF,tet(B),#ADFF2F,None,#CCCCCC,aph(3')-IIa,#60FA00,None,#CCCCCC
SAMN18675221,ST15,#BC5090,North America,#EEF8A3,human,#FF0000,,,,,,,0,#CCCCCC,fosA7,#00FFFF,None,#CCCCCC,dfrA15,#FF0080,None,#CCCCCC,None,#CCCCCC
SAMN19068228,ST15,#BC5090,North America,#EEF8A3,human,#FF0000,,,,,,,0,#CCCCCC,fosA7,#00FFFF,None,#CCCCCC,dfrA12,#78BCFF,None,#CCCCCC,None,#CCCCCC
SAMN12910058,ST15,#BC5090,North America,#EEF8A3,human,#FF0000,,,,,,,0,#CCCCCC,fosA7,#00FFFF,None,#CCCCCC,dfrA1,#FF0080,None,#CCCCCC,None,#CCCCCC
SAMN26795871,ST15,#BC5090,North America,#EEF8A3,human,#FF0000,,,,,,,blaCMY-2,#8000FF,fosA7,#00FFFF,tet(A),#67991C,None,#CCCCCC,None,#CCCCCC,None,#CCCCCC
SAMN18743335,ST15,#BC5090,North America,#EEF8A3,human,#FF0000,,,,,,,0,#CCCCCC,fosA7,#00FFFF,None,#CCCCCC,None,#CCCCCC,None,#CCCCCC,None,#CCCCCC
SAMN08024421,ST15,#BC5090,North America,#EEF8A3,human,#FF0000,,,,,,,0,#CCCCCC,fosA7,#00FFFF,None,#CCCCCC,None,#CCCCCC,None,#CCCCCC,None,#CCCCCC
SAMN08024718,ST15,#BC5090,North America,#EEF8A3,human,#FF0000,,,,,,,0,#CCCCCC,fosA7,#00FFFF,None,#CCCCCC,None,#CCCCCC,None,#CCCCCC,None,#CCCCCC
SAMN16810927,ST15,#BC5090,North America,#EEF8A3,human,#FF0000,,,,,,,0,#CCCCCC,fosA7,#00FFFF,None,#CCCCCC,None,#CCCCCC,None,#CCCCCC,None,#CCCCCC
SAMN09322500,ST15,#BC5090,North America,#EEF8A3,food,#00FF00,,,,,,,0,#CCCCCC,fosA7,#00FFFF,tet(B),#ADFF2F,None,#CCCCCC,None,#CCCCCC,None,#CCCCCC
SAMN24466112,ST15,#BC5090,North America,#EEF8A3,animal,#0023E9,,,,,,,blaCMY-2,#8000FF,fosA7,#00FFFF,tet(B),#ADFF2F,None,#CCCCCC,aph(3')-IIa,#60FA00,None,#CCCCCC
SAMN14994070,ST15,#BC5090,Europe,#A1D9A4,human,#FF0000,,,,,,,blaCMY-2,#8000FF,fosA7,#00FFFF,tet(A),#67991C,None,#CCCCCC,None,#CCCCCC,None,#CCCCCC
SAMN26851344,ST15,#BC5090,North America,#EEF8A3,human,#FF0000,,,,,,,0,#CCCCCC,fosA7,#00FFFF,None,#CCCCCC,None,#CCCCCC,None,#CCCCCC,None,#CCCCCC
SAMN16972402,ST15,#BC5090,North America,#EEF8A3,human,#FF0000,,,,,,,0,#CCCCCC,fosA7,#00FFFF,None,#CCCCCC,dfrA16,#FF0080,None,#CCCCCC,ere(A),#FF0080
SAMN08545430,ST15,#BC5090,North America,#EEF8A3,food,#00FF00,,,,,,,0,#CCCCCC,fosA7,#00FFFF,None,#CCCCCC,None,#CCCCCC,None,#CCCCCC,None,#CCCCCC
SAMEA110061824,ST15,#BC5090,Africa,#00A4BD,human,#FF0000,,,,,,,blaCTX-M-14,#FFA500,"fosA3,fosA7",#FF0080,None,#CCCCCC,None,#CCCCCC,None,#CCCCCC,None,#CCCCCC
SAMEA14497548,ST15,#BC5090,Africa,#00A4BD,human,#FF0000,,,,,,,blaCTX-M-14,#FFA500,"fosA3,fosA7",#FF0080,None,#CCCCCC,dfrA14,#125699,None,#CCCCCC,None,#CCCCCC
SAMN16248680,ST15,#BC5090,North America,#EEF8A3,human,#FF0000,,,,,,,0,#CCCCCC,fosA7,#00FFFF,None,#CCCCCC,None,#CCCCCC,None,#CCCCCC,None,#CCCCCC
SAMN17094476,ST15,#BC5090,North America,#EEF8A3,animal,#0023E9,,,,,,,0,#CCCCCC,None,#CCCCCC,None,#CCCCCC,None,#CCCCCC,None,#CCCCCC,None,#CCCCCC
SAMN17094435,ST15,#BC5090,North America,#EEF8A3,animal,#0023E9,,,,,,,0,#CCCCCC,fosA7,#00FFFF,None,#CCCCCC,None,#CCCCCC,None,#CCCCCC,None,#CCCCCC
SAMN17094426,ST15,#BC5090,North America,#EEF8A3,animal,#0023E9,,,,,,,0,#CCCCCC,fosA7,#00FFFF,tet(A),#67991C,None,#CCCCCC,None,#CCCCCC,None,#CCCCCC
SAMN17094428,ST15,#BC5090,North America,#EEF8A3,animal,#0023E9,,,,,,,0,#CCCCCC,fosA7,#00FFFF,None,#CCCCCC,None,#CCCCCC,None,#CCCCCC,None,#CCCCCC
SAMN07490527,ST15,#BC5090,North America,#EEF8A3,human,#FF0000,,,,,,,blaCMY-2,#8000FF,fosA7,#00FFFF,None,#CCCCCC,None,#CCCCCC,None,#CCCCCC,None,#CCCCCC
SAMN17178289,ST15,#BC5090,North America,#EEF8A3,human,#FF0000,,,,,,,blaCMY-2,#8000FF,fosA7,#00FFFF,tet(A),#67991C,dfrA12,#78BCFF,aph(3')-Ia,#00965C,None,#CCCCCC
SAMN09002932,ST15,#BC5090,North America,#EEF8A3,food,#00FF00,,,,,,,blaCMY-2,#8000FF,fosA7,#00FFFF,tet(A),#67991C,None,#CCCCCC,aph(3')-Ia,#00965C,None,#CCCCCC
SAMN12995412,ST15,#BC5090,Europe,#A1D9A4,human,#FF0000,,,,,,,blaCMY-2,#8000FF,fosA7,#00FFFF,None,#CCCCCC,None,#CCCCCC,None,#CCCCCC,None,#CCCCCC
SAMN17031196,ST15,#BC5090,North America,#EEF8A3,human,#FF0000,,,,,,,0,#CCCCCC,fosA7,#00FFFF,None,#CCCCCC,None,#CCCCCC,None,#CCCCCC,None,#CCCCCC
SAMN26583200,ST15,#BC5090,,,food,#00FF00,,,,,,,0,#CCCCCC,fosA7,#00FFFF,"tet(A),tet(C)",#FF0080,None,#CCCCCC,None,#CCCCCC,None,#CCCCCC
SAMN21335643,ST15,#BC5090,North America,#EEF8A3,animal,#0023E9,,,,,,,0,#CCCCCC,fosA7,#00FFFF,"tet(A),tet(C)",#FF0080,None,#CCCCCC,None,#CCCCCC,None,#CCCCCC
SAMN08498439,ST15,#BC5090,North America,#EEF8A3,animal,#0023E9,,,,,,,blaCMY-2,#8000FF,fosA7,#00FFFF,"tet(B),tet(O)",#FF0080,dfrA34,#FF0080,aph(3')-Ia,#00965C,None,#CCCCCC
SAMN36978121,ST15,#BC5090,North America,#EEF8A3,human,#FF0000,,,,,,,"blaCTX-M-55,blaCMY-2",#FF0080,fosA7,#00FFFF,"tet(A),tet(B),tet(O)",#FF0080,dfrA34,#FF0080,aph(3')-Ia,#00965C,None,#CCCCCC
SAMN07260923,ST15,#BC5090,North America,#EEF8A3,animal,#0023E9,,,,,,,blaCMY-2,#8000FF,fosA7,#00FFFF,"tet(A),tet(B),tet(O)",#FF0080,dfrA34,#FF0080,aph(3')-Ia,#00965C,None,#CCCCCC
SAMN07457124,ST15,#BC5090,North America,#EEF8A3,human,#FF0000,,,,,,,blaCMY-2,#8000FF,fosA7,#00FFFF,"tet(A),tet(B),tet(O)",#FF0080,dfrA34,#FF0080,aph(3')-Ia,#00965C,None,#CCCCCC
SAMN07427580,ST15,#BC5090,North America,#EEF8A3,human,#FF0000,,,,,,,"blaCTX-M-14,blaCMY-2",#FF0080,fosA7,#00FFFF,"tet(A),tet(B),tet(O)",#FF0080,dfrA34,#FF0080,aph(3')-Ia,#00965C,None,#CCCCCC
SAMN11127496,ST15,#BC5090,North America,#EEF8A3,animal,#0023E9,,,,,,,blaCMY-2,#8000FF,fosA7,#00FFFF,"tet(A),tet(B),tet(O)",#FF0080,"dfrA19,dfrA34",#FF0080,aph(3')-Ia,#00965C,None,#CCCCCC
SAMN08214631,ST15,#BC5090,North America,#EEF8A3,human,#FF0000,,,,,,,blaCMY-2,#8000FF,fosA7,#00FFFF,tet(A),#67991C,dfrA34,#FF0080,None,#CCCCCC,None,#CCCCCC
SAMN10967898,ST15,#BC5090,North America,#EEF8A3,animal,#0023E9,,,,,,,0,#CCCCCC,fosA7,#00FFFF,tet(A),#67991C,dfrA34,#FF0080,None,#CCCCCC,None,#CCCCCC
SAMN10367143,ST15,#BC5090,North America,#EEF8A3,food,#00FF00,,,,,,,0,#CCCCCC,fosA7,#00FFFF,tet(A),#67991C,dfrA34,#FF0080,None,#CCCCCC,None,#CCCCCC
SAMN07209962,ST15,#BC5090,North America,#EEF8A3,animal,#0023E9,,,,,,,blaCMY-2,#8000FF,fosA7,#00FFFF,"tet(A),tet(B),tet(O)",#FF0080,dfrA34,#FF0080,aph(3')-Ia,#00965C,None,#CCCCCC
SAMN07428685,ST15,#BC5090,North America,#EEF8A3,animal,#0023E9,,,,,,,blaCMY-2,#8000FF,fosA7,#00FFFF,"tet(A),tet(B)",#FF0080,dfrA34,#FF0080,None,#CCCCCC,None,#CCCCCC
SAMN07816629,ST15,#BC5090,North America,#EEF8A3,human,#FF0000,,,,,,,0,#CCCCCC,fosA7,#00FFFF,"tet(A),tet(B),tet(O)",#FF0080,None,#CCCCCC,None,#CCCCCC,None,#CCCCCC
SAMN10405967,ST15,#BC5090,North America,#EEF8A3,food,#00FF00,,,,,,,blaCMY-2,#8000FF,fosA7,#00FFFF,tet(A),#67991C,None,#CCCCCC,None,#CCCCCC,None,#CCCCCC
SAMN10112419,ST15,#BC5090,North America,#EEF8A3,food,#00FF00,,,,,,,blaCMY-2,#8000FF,fosA7,#00FFFF,"tet(A),tet(B)",#FF0080,None,#CCCCCC,None,#CCCCCC,None,#CCCCCC
SAMN07427581,ST15,#BC5090,North America,#EEF8A3,human,#FF0000,,,,,,,blaCMY-2,#8000FF,fosA7,#00FFFF,"tet(A),tet(B),tet(O)",#FF0080,dfrA34,#FF0080,aph(3')-Ia,#00965C,None,#CCCCCC
SAMN08150053,ST15,#BC5090,North America,#EEF8A3,human,#FF0000,,,,,,,blaCMY-2,#8000FF,fosA7,#00FFFF,"tet(A),tet(B),tet(O)",#FF0080,dfrA34,#FF0080,aph(3')-Ia,#00965C,None,#CCCCCC
SAMN11318688,ST15,#BC5090,North America,#EEF8A3,food,#00FF00,,,,,,,blaCMY-2,#8000FF,fosA7,#00FFFF,"tet(A),tet(B)",#FF0080,None,#CCCCCC,None,#CCCCCC,None,#CCCCCC
SAMN10235310,ST15,#BC5090,North America,#EEF8A3,animal,#0023E9,,,,,,,0,#CCCCCC,fosA7,#00FFFF,"tet(A),tet(M)",#FF0080,dfrA17,#FF0080,aph(3')-Ia,#00965C,None,#CCCCCC
SAMN26443806,ST15,#BC5090,North America,#EEF8A3,animal,#0023E9,,,,,,,0,#CCCCCC,fosA7,#00FFFF,tet(A),#67991C,dfrA17,#FF0080,aph(3')-Ia,#00965C,None,#CCCCCC
SAMN10235312,ST15,#BC5090,North America,#EEF8A3,animal,#0023E9,,,,,,,0,#CCCCCC,fosA7,#00FFFF,tet(A),#67991C,dfrA17,#FF0080,aph(3')-Ia,#00965C,None,#CCCCCC
SAMEA115498452,others,#7F7F7F,Africa,#00A4BD,human,#FF0000,,,,,,,0,#CCCCCC,fosA7,#00FFFF,None,#CCCCCC,None,#CCCCCC,None,#CCCCCC,None,#CCCCCC
SAMN12915082,ST15,#BC5090,Europe,#A1D9A4,human,#FF0000,,,,,,,0,#CCCCCC,"fosA7,fosL1",#FF0080,tet(A),#67991C,None,#CCCCCC,None,#CCCCCC,None,#CCCCCC
SAMN10866856,ST15,#BC5090,Europe,#A1D9A4,human,#FF0000,,,,,,,0,#CCCCCC,fosA7,#00FFFF,tet(A),#67991C,dfrA12,#78BCFF,None,#CCCCCC,None,#CCCCCC
SAMEA115390303,ST15,#BC5090,Africa,#00A4BD,human,#FF0000,,,,,,,blaCTX-M-14,#FFA500,"fosA3,fosA7",#FF0080,None,#CCCCCC,dfrA14,#125699,None,#CCCCCC,None,#CCCCCC
SAMEA110329218,ST15,#BC5090,Africa,#00A4BD,human,#FF0000,,,,,,,blaCTX-M-1,#FFA500,fosA7,#00FFFF,None,#CCCCCC,None,#CCCCCC,None,#CCCCCC,None,#CCCCCC
SAMEA112937563,ST15,#BC5090,Africa,#00A4BD,human,#FF0000,,,,,,,0,#CCCCCC,fosA7,#00FFFF,tet(A),#67991C,None,#CCCCCC,None,#CCCCCC,None,#CCCCCC
SAMEA10113643,ST15,#BC5090,Africa,#00A4BD,human,#FF0000,,,,,,,0,#CCCCCC,fosA7,#00FFFF,None,#CCCCCC,None,#CCCCCC,None,#CCCCCC,None,#CCCCCC
SAMN13002591,ST15,#BC5090,Europe,#A1D9A4,human,#FF0000,,,,,,,0,#CCCCCC,fosA7,#00FFFF,None,#CCCCCC,None,#CCCCCC,None,#CCCCCC,None,#CCCCCC
SAMN13676342,ST15,#BC5090,Europe,#A1D9A4,human,#FF0000,,,,,,,0,#CCCCCC,fosA7,#00FFFF,None,#CCCCCC,None,#CCCCCC,None,#CCCCCC,None,#CCCCCC
SAMN10905305,ST15,#BC5090,Europe,#A1D9A4,human,#FF0000,,,,,,,0,#CCCCCC,fosA7,#00FFFF,None,#CCCCCC,None,#CCCCCC,aph(3')-IIa,#60FA00,None,#CCCCCC
SAMN41940986,ST15,#BC5090,Europe,#A1D9A4,human,#FF0000,,,,,,,blaCTX-M-15,#FFA500,fosA7,#00FFFF,tet(A),#67991C,dfrA12,#78BCFF,None,#CCCCCC,mph(A),#1D2088
SAMN41993003,ST15,#BC5090,Europe,#A1D9A4,human,#00FF00,,,,,,,0,#CCCCCC,fosA7,#00FFFF,tet(A),#67991C,dfrA12,#78BCFF,None,#CCCCCC,mph(A),#1D2088
SAMN16077672,ST15,#BC5090,Oceania,#FCA55B,human,#FF0000,,,,,,,0,#CCCCCC,fosA7,#00FFFF,None,#CCCCCC,dfrA14^,#125699,None,#CCCCCC,None,#CCCCCC
SAMN16364356,ST15,#BC5090,Europe,#A1D9A4,human,#FF0000,,,,,,,blaCTX-M-123,#FFA500,"fosA3,fosA7",#FF0080,"tet(A),tet(M)",#FF0080,dfrA12,#78BCFF,None,#CCCCCC,mph(A),#1D2088
SAMN41466449,ST15,#BC5090,Europe,#A1D9A4,human,#FF0000,,,,,,,0,#CCCCCC,fosA7,#00FFFF,"tet(A),tet(M)",#FF0080,dfrA12,#78BCFF,None,#CCCCCC,None,#CCCCCC
SAMN37131054,ST15,#BC5090,North America,#EEF8A3,human,#FF0000,,,,,,,0,#CCCCCC,fosA7,#00FFFF,"tet(A),tet(M)",#FF0080,dfrA12,#78BCFF,None,#CCCCCC,None,#CCCCCC
SAMN06841396,ST15,#BC5090,North America,#EEF8A3,human,#FF0000,,,,,,,0,#CCCCCC,fosA7,#00FFFF,None,#CCCCCC,None,#CCCCCC,aph(3')-Ia,#00965C,None,#CCCCCC
SAMN16927725,ST15,#BC5090,North America,#EEF8A3,human,#FF0000,,,,,,,0,#CCCCCC,fosA7,#00FFFF,"tet(A),tet(M)",#FF0080,dfrA12,#78BCFF,None,#CCCCCC,None,#CCCCCC
SAMN09520722,others,#7F7F7F,Europe,#A1D9A4,human,#FF0000,,,,,,,0,#CCCCCC,fosA7,#00FFFF,None,#CCCCCC,None,#CCCCCC,None,#CCCCCC,None,#CCCCCC
SAMN30154154,ST15,#BC5090,Europe,#A1D9A4,human,#FF0000,,,,,,,blaCTX-M-104,#FFA500,fosA7,#00FFFF,None,#CCCCCC,dfrA14,#125699,aph(3')-Ia,#00965C,None,#CCCCCC
SAMN29922033,ST15,#BC5090,Europe,#A1D9A4,human,#FF0000,,,,,,,0,#CCCCCC,fosA7,#00FFFF,None,#CCCCCC,None,#CCCCCC,aph(3')-Ia,#00965C,None,#CCCCCC
SAMN42566847,ST15,#BC5090,Europe,#A1D9A4,human,#FF0000,,,,,,,blaCTX-M-65,#FFA500,fosA7,#00FFFF,tet(A)^,#67991C,dfrA14,#125699,aph(3')-Ia,#00965C,erm(42),#FF0080
SAMN42472811,ST15,#BC5090,Europe,#A1D9A4,human,#FF0000,,,,,,,blaCTX-M-65,#FFA500,fosA7,#00FFFF,tet(A)^,#67991C,dfrA14,#125699,aph(3')-Ia,#00965C,erm(42),#FF0080
SAMN42439644,ST15,#BC5090,Europe,#A1D9A4,human,#FF0000,,,,,,,blaCTX-M-65,#FFA500,fosA7,#00FFFF,tet(A)^,#67991C,dfrA14,#125699,aph(3')-Ia,#00965C,erm(42),#FF0080
SAMN41537342,ST15,#BC5090,Europe,#A1D9A4,human,#FF0000,,,,,,,0,#CCCCCC,fosA7,#00FFFF,tet(A),#67991C,None,#CCCCCC,aph(3')-Ia,#00965C,None,#CCCCCC
SAMN40584551,ST15,#BC5090,Europe,#A1D9A4,human,#00FF00,,,,,,,0,#CCCCCC,fosA7,#00FFFF,None,#CCCCCC,None,#CCCCCC,None,#CCCCCC,None,#CCCCCC
SAMN26855986,ST15,#BC5090,Europe,#A1D9A4,human,#FF0000,,,,,,,0,#CCCCCC,fosA7,#00FFFF,tet(A),#67991C,dfrA14,#125699,aph(3')-Ia,#00965C,None,#CCCCCC
SAMN40559946,ST15,#BC5090,Europe,#A1D9A4,human,#FF0000,,,,,,,0,#CCCCCC,fosA7,#00FFFF,tet(A),#67991C,dfrA14,#125699,aph(3')-Ia,#00965C,None,#CCCCCC
SAMN30964628,ST15,#BC5090,Europe,#A1D9A4,human,#FF0000,,,,,,,blaCTX-M-104,#FFA500,fosA7,#00FFFF,None,#CCCCCC,dfrA14,#125699,aph(3')-Ia,#00965C,None,#CCCCCC
SAMN29878133,ST15,#BC5090,Europe,#A1D9A4,human,#FF0000,,,,,,,0,#CCCCCC,fosA7,#00FFFF,tet(A),#67991C,dfrA14,#125699,aph(3')-Ia,#00965C,None,#CCCCCC
SAMN12910763,ST15,#BC5090,Europe,#A1D9A4,human,#FF0000,,,,,,,blaCTX-M-104,#FFA500,fosA7,#00FFFF,None,#CCCCCC,None,#CCCCCC,None,#CCCCCC,None,#CCCCCC
SAMN32132112,others,#7F7F7F,Europe,#A1D9A4,human,#FF0000,,,,,,,0,#CCCCCC,fosA7,#00FFFF,tet(A),#67991C,dfrA14,#125699,aph(3')-Ia,#00965C,None,#CCCCCC
SAMN10094202,ST15,#BC5090,Europe,#A1D9A4,human,#FF0000,,,,,,,0,#CCCCCC,fosA7,#00FFFF,None,#CCCCCC,None,#CCCCCC,None,#CCCCCC,None,#CCCCCC
SAMN10356475,ST15,#BC5090,Europe,#A1D9A4,human,#FF0000,,,,,,,0,#CCCCCC,fosA7,#00FFFF,None,#CCCCCC,None,#CCCCCC,None,#CCCCCC,None,#CCCCCC
SAMN41517012,ST15,#BC5090,Europe,#A1D9A4,human,#FF0000,,,,,,,0,#CCCCCC,fosA7,#00FFFF,None,#CCCCCC,None,#CCCCCC,None,#CCCCCC,None,#CCCCCC
SAMN12023967,others,#7F7F7F,Europe,#A1D9A4,human,#FF0000,,,,,,,0,#CCCCCC,fosA7,#00FFFF,tet(A),#67991C,None,#CCCCCC,None,#CCCCCC,None,#CCCCCC
SAMN11841672,others,#7F7F7F,Europe,#A1D9A4,human,#FF0000,,,,,,,0,#CCCCCC,fosA7,#00FFFF,None,#CCCCCC,None,#CCCCCC,None,#CCCCCC,None,#CCCCCC
SAMN13906021,ST15,#BC5090,Africa,#00A4BD,food,#00FF00,,,,,,,0,#CCCCCC,fosA7,#00FFFF,tet(A),#67991C,dfrA14,#125699,None,#CCCCCC,None,#CCCCCC
SAMN32679796,ST15,#BC5090,Europe,#A1D9A4,human,#FF0000,,,,,,,0,#CCCCCC,fosA7,#00FFFF,None,#CCCCCC,dfrA14,#125699,None,#CCCCCC,None,#CCCCCC
SAMEA6058153,ST15,#BC5090,Europe,#A1D9A4,animal,#0023E9,,,,,,,0,#CCCCCC,fosA7,#00FFFF,None,#CCCCCC,None,#CCCCCC,None,#CCCCCC,None,#CCCCCC
SAMN41752687,ST15,#BC5090,Europe,#A1D9A4,human,#FF0000,,,,,,,0,#CCCCCC,fosA7,#00FFFF,tet(A),#67991C,dfrA1,#FF0080,None,#CCCCCC,None,#CCCCCC
SAMN10536566,ST15,#BC5090,Europe,#A1D9A4,human,#FF0000,,,,,,,0,#CCCCCC,fosA7,#00FFFF,"tet(A),tet(M)",#FF0080,dfrA12,#78BCFF,aph(3')-Ia,#00965C,mph(A),#1D2088
SAMN40257165,ST15,#BC5090,Europe,#A1D9A4,human,#FF0000,,,,,,,0,#CCCCCC,fosA7,#00FFFF,tet(A),#67991C,None,#CCCCCC,None,#CCCCCC,None,#CCCCCC
SAMN07152149,ST15,#BC5090,North America,#EEF8A3,human,#FF0000,,,,,,,0,#CCCCCC,fosA7,#00FFFF,None,#CCCCCC,None,#CCCCCC,None,#CCCCCC,None,#CCCCCC
SAMN31537850,ST15,#BC5090,Europe,#A1D9A4,human,#FF0000,,,,,,,0,#CCCCCC,fosA7,#00FFFF,tet(A),#67991C,dfrA1,#FF0080,None,#CCCCCC,None,#CCCCCC
SAMEA13443937,ST15,#BC5090,,,human,#FF0000,,,,,,,0,#CCCCCC,fosA7,#00FFFF,tet(B),#ADFF2F,dfrA12,#78BCFF,None,#CCCCCC,None,#CCCCCC
SAMEA13259894,ST15,#BC5090,Africa,#00A4BD,human,#FF0000,,,,,,,0,#CCCCCC,fosA7,#00FFFF,None,#CCCCCC,dfrA12,#78BCFF,None,#CCCCCC,None,#CCCCCC
SAMEA13423448,ST15,#BC5090,Africa,#00A4BD,human,#FF0000,,,,,,,0,#CCCCCC,fosA7,#00FFFF,None,#CCCCCC,None,#CCCCCC,None,#CCCCCC,None,#CCCCCC
SAMEA13991951,others,#7F7F7F,Africa,#00A4BD,human,#FF0000,,,,,,,0,#CCCCCC,fosA7,#00FFFF,None,#CCCCCC,None,#CCCCCC,None,#CCCCCC,None,#CCCCCC
2011136,ST15,#BC5090,Japan,#5E4FA2,human,#FF0000,h_stool,#E60012,None,#CCCCCC,None,#CCCCCC,0,#CCCCCC,fosA7,#00FFFF,None,#CCCCCC,None,#CCCCCC,None,#CCCCCC,None,#CCCCCC
SAMN40559789,ST15,#BC5090,Europe,#A1D9A4,human,#FF0000,,,,,,,0,#CCCCCC,fosA7,#00FFFF,None,#CCCCCC,None,#CCCCCC,None,#CCCCCC,None,#CCCCCC
SAMN37819781,ST15,#BC5090,Oceania,#FCA55B,human,#FF0000,,,,,,,0,#CCCCCC,fosA7,#00FFFF,None,#CCCCCC,None,#CCCCCC,None,#CCCCCC,None,#CCCCCC
SAMN07312165,others,#7F7F7F,North America,#EEF8A3,human,#FF0000,,,,,,,0,#CCCCCC,None,#CCCCCC,None,#CCCCCC,None,#CCCCCC,None,#CCCCCC,None,#CCCCCC
SAMN06921417,others,#7F7F7F,North America,#EEF8A3,human,#FF0000,,,,,,,0,#CCCCCC,None,#CCCCCC,None,#CCCCCC,None,#CCCCCC,None,#CCCCCC,None,#CCCCCC
SAMN12059929,others,#7F7F7F,Europe,#A1D9A4,human,#FF0000,,,,,,,0,#CCCCCC,None,#CCCCCC,None,#CCCCCC,None,#CCCCCC,None,#CCCCCC,None,#CCCCCC
SAMN15430595,others,#7F7F7F,South America,#FDE999,food,#00FF00,,,,,,,0,#CCCCCC,None,#CCCCCC,tet(A),#67991C,None,#CCCCCC,aph(3')-Ia,#00965C,None,#CCCCCC
SAMN14148598,ST11,#7AC943,North America,#EEF8A3,animal,#0023E9,,,,,,,0,#CCCCCC,None,#CCCCCC,None,#CCCCCC,None,#CCCCCC,None,#CCCCCC,None,#CCCCCC
SAMN06660856,ST11,#7AC943,North America,#EEF8A3,human,#FF0000,,,,,,,0,#CCCCCC,None,#CCCCCC,None,#CCCCCC,None,#CCCCCC,None,#CCCCCC,None,#CCCCCC
SAMN18675542,ST32,#FF7F0E,North America,#EEF8A3,human,#FF0000,,,,,,,0,#CCCCCC,None,#CCCCCC,None,#CCCCCC,None,#CCCCCC,None,#CCCCCC,None,#CCCCCC
SAMN12009352,others,#7F7F7F,Europe,#A1D9A4,food,#00FF00,,,,,,,0,#CCCCCC,None,#CCCCCC,tet(A),#67991C,None,#CCCCCC,aph(3')-Ia,#00965C,None,#CCCCCC
2112097,ST241,#003F5C,Japan,#5E4FA2,food,#00FF00,None,#CCCCCC,f_import chicken,#FFF100,None,#CCCCCC,0,#CCCCCC,None,#CCCCCC,None,#CCCCCC,None,#CCCCCC,None,#CCCCCC,None,#CCCCCC
SAMN08387115,others,#7F7F7F,South America,#FDE999,animal,#0023E9,,,,,,,blaCTX-M-2,#FFA500,None,#CCCCCC,tet(A),#67991C,None,#CCCCCC,None,#CCCCCC,None,#CCCCCC
